tiempo,distancia,velocidad,setpoint,error,pwm,accion,q_max
151.485,12.41,9.46,15.00,-2.59,275,0,103.22
151.589,12.39,-0.16,15.00,-2.61,275,0,103.07
151.695,12.67,2.67,15.00,-2.33,275,0,104.23
151.799,12.32,-3.28,15.00,-2.68,275,0,102.71
151.902,11.89,-4.18,15.00,-3.11,275,0,100.99
152.009,12.48,5.72,15.00,-2.52,275,0,103.54
152.112,13.17,6.45,15.00,-1.83,275,0,106.19
152.215,12.62,-5.31,15.00,-2.38,275,0,103.82
152.322,11.51,-10.78,15.00,-3.49,275,0,99.33
152.425,10.95,-5.26,15.00,-4.05,275,0,97.88
152.528,10.73,-2.08,15.00,-4.27,275,0,97.53
152.634,10.26,-4.62,15.00,-4.74,275,0,96.61
152.737,10.09,-1.55,15.00,-4.91,275,0,96.24
152.840,10.10,0.10,15.00,-4.90,275,0,96.25
152.946,9.67,-4.20,15.00,-5.33,275,0,95.05
153.049,9.62,-0.45,15.00,-5.38,275,0,95.05
153.152,9.38,-2.41,15.00,-5.62,275,0,94.10
153.258,9.11,-2.60,15.00,-5.89,275,0,93.16
153.361,9.18,0.63,15.00,-5.82,275,0,93.54
153.464,9.32,1.40,15.00,-5.68,275,0,94.08
153.570,8.91,-4.03,15.00,-6.09,275,0,92.32
153.672,8.31,-5.58,15.00,-6.69,275,0,89.46
153.775,7.74,-5.58,15.00,-7.26,275,0,86.77
153.881,8.24,4.89,15.00,-6.76,275,0,89.65
153.984,8.32,0.75,15.00,-6.68,275,0,89.81
154.086,8.70,3.70,15.00,-6.30,275,0,91.73
154.193,8.93,2.26,15.00,-6.07,275,0,92.74
154.295,9.06,1.26,15.00,-5.94,275,0,93.16
154.398,9.14,0.78,15.00,-5.86,275,0,93.42
154.504,8.85,-2.80,15.00,-6.15,275,0,92.14
154.607,9.17,3.03,15.00,-5.83,275,0,93.64
154.710,9.10,-0.73,15.00,-5.90,275,0,93.20
154.816,8.94,-1.52,15.00,-6.06,275,0,92.63
154.919,9.64,6.51,15.00,-5.36,275,0,95.16
155.021,9.38,-2.56,15.00,-5.62,275,0,94.10
155.128,8.89,-4.79,15.00,-6.11,275,0,92.19
155.230,9.38,4.65,15.00,-5.62,275,0,94.43
155.333,8.93,-4.32,15.00,-6.07,275,0,92.44
155.439,9.41,4.60,15.00,-5.59,275,0,94.53
155.542,9.69,2.68,15.00,-5.31,275,0,95.31
155.645,10.20,4.92,15.00,-4.80,275,0,96.42
155.752,10.84,6.22,15.00,-4.16,275,0,97.85
155.855,11.74,8.40,15.00,-3.26,275,0,100.65
155.958,12.84,10.70,15.00,-2.16,275,0,104.88
156.065,14.17,12.82,15.00,-0.83,275,0,107.45
156.169,14.97,7.48,15.00,-0.03,410,2,107.55
156.273,15.47,4.75,15.00,0.47,410,2,104.93
156.380,15.98,4.94,15.00,0.98,490,3,103.34
156.484,16.44,4.29,15.00,1.44,490,3,103.33
156.588,16.27,-1.63,15.00,1.27,490,3,103.20
156.695,15.89,-3.61,15.00,0.89,490,3,103.33
156.799,15.33,-5.26,15.00,0.33,410,2,106.43
156.902,14.14,-11.50,15.00,-0.86,330,1,107.13
157.009,12.42,-16.76,15.00,-2.58,275,0,102.70
157.111,10.19,-20.97,15.00,-4.81,275,0,95.85
157.213,7.34,-27.94,15.00,-7.66,275,0,83.76
157.319,6.81,-5.00,15.00,-8.19,275,0,82.46
157.421,5.82,-9.71,15.00,-9.18,275,0,77.40
157.528,6.58,7.35,15.00,-8.42,275,0,82.00
157.630,7.88,12.25,15.00,-7.12,275,0,88.32
157.732,7.03,-8.37,15.00,-7.97,275,0,83.28
157.839,6.96,-0.64,15.00,-8.04,275,0,83.36
157.941,7.43,4.48,15.00,-7.57,275,0,85.85
158.044,7.55,1.10,15.00,-7.45,275,0,86.21
158.150,8.35,7.86,15.00,-6.65,275,0,90.32
158.253,9.06,6.61,15.00,-5.94,275,0,93.39
158.356,10.67,15.64,15.00,-4.33,275,0,97.45
158.463,11.24,5.52,15.00,-3.76,275,0,98.73
158.566,12.20,8.96,15.00,-2.80,275,0,102.41
158.670,12.77,5.58,15.00,-2.23,275,0,104.68
158.777,13.23,4.37,15.00,-1.77,275,0,106.46
158.880,13.84,5.76,15.00,-1.16,275,0,107.49
158.984,14.21,3.55,15.00,-0.79,330,1,107.31
159.091,14.32,1.09,15.00,-0.68,330,1,107.39
159.195,14.39,0.63,15.00,-0.61,330,1,107.44
159.298,14.66,2.56,15.00,-0.34,330,1,107.20
159.405,14.26,-3.87,15.00,-0.74,330,1,107.34
159.509,13.50,-7.13,15.00,-1.50,275,0,106.85
159.612,13.33,-1.66,15.00,-1.67,275,0,106.61
159.719,12.27,-10.26,15.00,-2.73,275,0,102.31
159.822,11.18,-10.25,15.00,-3.82,275,0,98.24
159.924,10.02,-11.33,15.00,-4.98,275,0,95.90
160.030,9.02,-9.66,15.00,-5.98,275,0,92.52
160.133,8.38,-6.02,15.00,-6.62,275,0,89.77
160.236,8.01,-3.69,15.00,-6.99,275,0,88.12
160.342,9.64,15.86,15.00,-5.36,275,0,95.14
160.445,8.98,-6.16,15.00,-6.02,275,0,92.54
160.547,9.10,1.16,15.00,-5.90,275,0,93.29
160.654,9.39,2.82,15.00,-5.61,275,0,94.39
160.757,10.36,9.07,15.00,-4.64,275,0,96.77
160.860,10.83,4.52,15.00,-4.17,275,0,97.82
160.966,11.11,2.78,15.00,-3.89,275,0,98.32
161.069,12.12,9.52,15.00,-2.88,275,0,102.12
161.172,11.77,-3.45,15.00,-3.23,275,0,100.54
161.279,11.90,1.26,15.00,-3.10,275,0,101.18
161.382,11.52,-3.50,15.00,-3.48,275,0,99.59
161.485,11.41,-1.12,15.00,-3.59,275,0,99.20
161.592,11.34,-0.60,15.00,-3.66,275,0,98.98
161.695,11.53,1.70,15.00,-3.47,275,0,99.75
161.798,12.38,8.25,15.00,-2.62,275,0,103.12
161.905,13.33,9.28,15.00,-1.67,275,0,106.80
162.009,14.47,10.52,15.00,-0.53,330,1,107.55
162.113,15.49,9.88,15.00,0.49,410,2,105.14
162.220,16.49,9.70,15.00,1.49,490,3,103.49
162.324,17.15,6.05,15.00,2.15,750,5,105.14
162.428,17.77,5.94,15.00,2.77,750,5,108.14
162.535,17.46,-2.93,15.00,2.46,750,5,106.33
162.639,16.95,-4.79,15.00,1.95,750,5,103.82
162.742,14.89,-19.99,15.00,-0.11,410,2,107.75
162.848,12.25,-25.65,15.00,-2.75,275,0,101.79
162.951,9.87,-22.40,15.00,-5.13,275,0,94.88
163.054,11.49,15.90,15.00,-3.51,275,0,99.60
163.159,8.86,-25.59,15.00,-6.14,275,0,90.99
163.262,7.72,-10.71,15.00,-7.28,275,0,86.43
163.364,6.03,-16.57,15.00,-8.97,275,0,78.11
163.470,6.25,2.17,15.00,-8.75,275,0,80.20
163.572,5.60,-6.19,15.00,-9.40,275,0,76.39
163.674,4.98,-6.08,15.00,-10.02,275,0,73.06
163.780,5.39,4.09,15.00,-9.61,275,0,75.92
163.882,7.28,17.83,15.00,-7.72,275,0,85.77
163.984,5.77,-14.84,15.00,-9.23,275,0,76.80
164.090,5.42,-3.39,15.00,-9.58,275,0,75.62
164.192,4.99,-4.09,15.00,-10.01,275,0,73.25
164.299,5.51,5.06,15.00,-9.49,275,0,76.61
164.401,6.05,5.09,15.00,-8.95,275,0,79.39
164.504,8.12,20.13,15.00,-6.88,275,0,89.81
164.610,7.63,-4.89,15.00,-7.37,275,0,86.27
164.713,7.85,2.10,15.00,-7.15,275,0,87.67
164.815,8.19,3.36,15.00,-6.81,275,0,89.36
164.922,8.63,4.21,15.00,-6.37,275,0,91.44
165.024,9.22,5.63,15.00,-5.78,275,0,93.93
165.127,9.69,4.54,15.00,-5.31,275,0,95.29
165.234,9.64,-0.54,15.00,-5.36,275,0,95.09
165.337,9.72,0.79,15.00,-5.28,275,0,95.38
165.440,9.88,1.55,15.00,-5.12,275,0,95.73
165.546,9.75,-1.27,15.00,-5.25,275,0,95.45
165.649,9.56,-1.77,15.00,-5.44,275,0,94.77
165.751,9.22,-3.29,15.00,-5.78,275,0,93.51
165.858,8.90,-3.11,15.00,-6.10,275,0,92.34
165.960,8.94,0.32,15.00,-6.06,275,0,92.68
166.063,8.96,0.20,15.00,-6.04,275,0,92.74
166.169,8.75,-2.01,15.00,-6.25,275,0,91.69
166.272,8.11,-6.03,15.00,-6.89,275,0,88.48
166.374,7.95,-1.54,15.00,-7.05,275,0,87.98
166.480,6.96,-9.64,15.00,-8.04,275,0,82.90
166.583,6.82,-1.28,15.00,-8.18,275,0,82.69
166.685,7.35,5.19,15.00,-7.65,275,0,85.51
166.791,7.38,0.28,15.00,-7.62,275,0,85.39
166.894,7.18,-1.91,15.00,-7.82,275,0,84.33
166.996,7.28,0.96,15.00,-7.72,275,0,84.94
167.103,7.34,0.57,15.00,-7.66,275,0,85.20
167.205,7.26,-0.70,15.00,-7.74,275,0,84.78
167.308,7.22,-0.44,15.00,-7.78,275,0,84.59
167.414,7.42,1.94,15.00,-7.58,275,0,85.65
167.516,7.82,3.78,15.00,-7.18,275,0,87.62
167.619,8.40,5.67,15.00,-6.60,275,0,90.46
167.725,8.75,3.43,15.00,-6.25,275,0,91.99
167.828,8.00,-7.14,15.00,-7.00,275,0,87.89
167.931,8.95,9.31,15.00,-6.05,275,0,93.17
168.037,9.23,2.72,15.00,-5.77,275,0,93.84
168.139,8.40,-7.86,15.00,-6.60,275,0,89.76
168.242,8.53,1.21,15.00,-6.47,275,0,90.81
168.348,8.60,0.73,15.00,-6.40,275,0,91.13
168.451,8.53,-0.67,15.00,-6.47,275,0,90.72
168.553,8.60,0.72,15.00,-6.40,275,0,91.14
168.660,9.21,5.89,15.00,-5.79,275,0,93.89
168.762,9.46,2.33,15.00,-5.54,275,0,94.59
168.865,9.95,4.77,15.00,-5.05,275,0,95.86
168.972,10.80,8.32,15.00,-4.20,275,0,97.77
169.075,12.62,16.92,15.00,-2.38,275,0,103.92
169.178,12.07,-5.30,15.00,-2.93,275,0,101.67
169.285,12.07,0.02,15.00,-2.93,275,0,101.83
169.388,11.96,-1.02,15.00,-3.04,275,0,101.38
169.491,11.90,-0.63,15.00,-3.10,275,0,101.13
169.598,11.97,0.75,15.00,-3.03,275,0,101.47
169.701,12.41,4.09,15.00,-2.59,275,0,103.27
169.805,12.90,4.75,15.00,-2.10,275,0,105.20
169.912,13.47,5.46,15.00,-1.53,275,0,107.11
170.015,13.88,3.82,15.00,-1.12,275,0,107.36
170.119,14.35,4.54,15.00,-0.65,330,1,107.42
170.226,14.98,6.02,15.00,-0.02,410,2,107.46
170.330,15.34,3.45,15.00,0.34,410,2,105.59
170.437,15.57,2.13,15.00,0.57,410,2,104.36
170.541,15.25,-2.99,15.00,0.25,410,2,106.66
170.644,14.61,-6.19,15.00,-0.39,330,1,107.45
170.751,13.75,-8.23,15.00,-1.25,275,0,106.86
170.855,13.82,0.65,15.00,-1.18,275,0,107.25
170.958,13.01,-7.85,15.00,-1.99,275,0,105.28
171.064,11.63,-13.44,15.00,-3.37,275,0,99.72
171.167,10.50,-10.68,15.00,-4.50,275,0,96.95
171.270,9.38,-10.79,15.00,-5.62,275,0,93.74
171.376,8.60,-7.68,15.00,-6.40,275,0,90.70
171.479,8.87,2.55,15.00,-6.13,275,0,92.50
171.582,12.02,30.26,15.00,-2.98,275,0,101.43
171.688,10.30,-16.87,15.00,-4.70,275,0,96.38
171.791,10.56,2.47,15.00,-4.44,275,0,97.25
171.894,10.83,2.61,15.00,-4.17,275,0,97.79
172.000,10.33,-4.88,15.00,-4.67,275,0,96.75
172.102,8.05,-21.58,15.00,-6.95,275,0,87.38
172.205,6.68,-13.39,15.00,-8.32,275,0,81.39
172.310,5.85,-8.02,15.00,-9.15,275,0,77.66
172.413,5.82,-0.28,15.00,-9.18,275,0,77.96
172.515,5.91,0.84,15.00,-9.09,275,0,78.49
172.621,5.84,-0.64,15.00,-9.16,275,0,78.05
172.723,5.80,-0.37,15.00,-9.20,275,0,77.85
172.826,7.19,13.49,15.00,-7.81,275,0,85.16
172.932,7.18,-0.16,15.00,-7.82,275,0,84.41
173.035,7.56,3.59,15.00,-7.44,275,0,86.39
173.137,7.40,-1.59,15.00,-7.60,275,0,85.36
173.244,8.15,7.31,15.00,-6.85,275,0,89.35
173.347,8.71,5.30,15.00,-6.29,275,0,91.88
173.449,9.16,4.40,15.00,-5.84,275,0,93.67
173.556,9.43,2.58,15.00,-5.57,275,0,94.51
173.659,10.26,7.84,15.00,-4.74,275,0,96.55
173.761,10.43,1.65,15.00,-4.57,275,0,96.96
173.868,11.20,7.51,15.00,-3.80,275,0,98.60
173.971,12.29,10.17,15.00,-2.71,275,0,102.77
174.075,13.50,11.62,15.00,-1.50,275,0,107.29
174.182,14.57,10.37,15.00,-0.43,330,1,107.33
174.286,15.55,9.11,15.00,0.55,410,2,104.62
174.390,16.43,8.38,15.00,1.43,490,3,103.48
174.497,17.06,6.08,15.00,2.06,750,5,104.71
174.601,16.70,-3.31,15.00,1.70,490,3,102.76
174.705,16.27,-4.26,15.00,1.27,490,3,103.22
174.811,14.99,-12.23,15.00,-0.01,410,2,107.88
174.915,13.49,-14.06,15.00,-1.51,275,0,106.52
175.018,12.02,-14.36,15.00,-2.98,275,0,101.24
175.124,10.70,-12.86,15.00,-4.30,275,0,97.30
175.227,10.25,-4.20,15.00,-4.75,275,0,96.61
175.329,7.37,-28.24,15.00,-7.63,275,0,83.89
175.434,6.95,-4.13,15.00,-8.05,275,0,83.13
175.537,6.01,-8.90,15.00,-8.99,275,0,78.47
175.639,5.79,-2.18,15.00,-9.21,275,0,77.67
175.744,4.70,-10.67,15.00,-10.30,275,0,71.30
175.847,4.05,-6.22,15.00,-10.95,275,0,68.05
175.949,3.83,-2.16,15.00,-11.17,275,0,67.11
176.055,5.16,12.90,15.00,-9.84,275,0,75.14
176.157,6.58,13.41,15.00,-8.42,275,0,82.28
176.260,8.89,22.47,15.00,-6.11,275,0,93.32
176.367,10.51,15.68,15.00,-4.49,275,0,97.09
176.470,11.36,7.97,15.00,-3.64,275,0,99.20
176.573,11.66,2.90,15.00,-3.34,275,0,100.31
176.680,12.34,6.60,15.00,-2.66,275,0,103.00
176.783,13.03,6.44,15.00,-1.97,275,0,105.67
176.887,14.06,9.91,15.00,-0.94,275,0,107.52
176.994,15.01,9.27,15.00,0.01,410,2,107.58
177.098,16.22,11.15,15.00,1.22,490,3,103.55
177.202,17.61,13.41,15.00,2.61,750,5,107.89
177.310,18.79,11.28,15.00,3.79,750,5,113.46
177.414,20.11,12.30,15.00,5.11,750,5,120.00
177.519,20.77,6.28,15.00,5.77,750,5,123.12
177.627,20.12,-6.11,15.00,5.12,750,5,119.13
177.730,18.88,-11.95,15.00,3.88,750,5,113.08
177.837,16.05,-27.49,15.00,1.05,410,2,103.85
177.940,12.71,-31.13,15.00,-2.29,275,0,103.40
178.042,9.59,-30.63,15.00,-5.41,275,0,93.56
178.148,7.15,-23.96,15.00,-7.85,275,0,83.04
178.250,6.02,-10.60,15.00,-8.98,275,0,78.42
178.352,4.84,-11.58,15.00,-10.16,275,0,72.00
178.458,4.13,-6.95,15.00,-10.87,275,0,68.46
178.560,3.99,-1.36,15.00,-11.01,275,0,68.02
178.662,4.13,1.37,15.00,-10.87,275,0,68.94
178.768,3.99,-1.40,15.00,-11.01,275,0,68.01
178.871,4.69,6.64,15.00,-10.31,275,0,72.28
178.973,5.79,10.69,15.00,-9.21,275,0,78.44
179.079,6.55,7.41,15.00,-8.45,275,0,81.88
179.182,7.75,11.31,15.00,-7.25,275,0,87.69
179.285,9.71,18.97,15.00,-5.29,275,0,95.29
179.392,11.17,14.18,15.00,-3.83,275,0,98.56
179.495,12.27,10.31,15.00,-2.73,275,0,102.69
179.599,13.83,15.00,15.00,-1.17,275,0,107.84
179.706,15.00,11.24,15.00,0.00,410,2,107.73
179.810,16.20,11.24,15.00,1.20,490,3,103.55
179.914,17.71,14.52,15.00,2.71,750,5,108.45
180.022,18.62,8.71,15.00,3.62,750,5,112.49
180.126,19.16,5.03,15.00,4.16,750,5,114.89
180.231,19.37,2.02,15.00,4.37,750,5,115.72
180.338,18.83,-5.25,15.00,3.83,750,5,112.89
180.442,17.77,-9.83,15.00,2.77,750,5,107.73
180.545,15.83,-18.77,15.00,0.83,410,2,104.86
180.652,14.00,-17.79,15.00,-1.00,330,1,106.72
180.754,9.51,-42.34,15.00,-5.49,275,0,92.74
180.856,9.19,-3.13,15.00,-5.81,275,0,93.42
180.962,7.59,-15.58,15.00,-7.41,275,0,85.54
181.065,6.96,-5.97,15.00,-8.04,275,0,83.09
181.167,5.58,-13.57,15.00,-9.42,275,0,75.83
181.272,4.97,-5.87,15.00,-10.03,275,0,73.04
181.375,4.83,-1.36,15.00,-10.17,275,0,72.54
181.477,4.29,-5.28,15.00,-10.71,275,0,69.40
181.582,4.31,0.19,15.00,-10.69,275,0,69.84
181.685,4.20,-1.00,15.00,-10.80,275,0,69.20
181.787,4.37,1.60,15.00,-10.63,275,0,70.24
181.893,5.70,12.94,15.00,-9.30,275,0,78.06
181.995,6.39,6.51,15.00,-8.61,275,0,81.06
182.098,6.80,4.06,15.00,-8.20,275,0,82.88
182.204,7.57,7.41,15.00,-7.43,275,0,86.63
182.307,8.36,7.49,15.00,-6.64,275,0,90.36
182.409,9.29,9.02,15.00,-5.71,275,0,94.33
182.516,10.52,11.94,15.00,-4.48,275,0,97.12
182.619,11.03,4.78,15.00,-3.97,275,0,98.20
