tiempo,distancia,setpoint,error,derivada,integral,delta_pwm,pwm
0.007,33.93,20.00,13.93,487.55,0.00,0.00,250.00
0.057,34.71,20.00,14.71,322.37,0.00,0.00,250.00
0.107,34.71,20.00,14.71,209.54,0.00,0.00,250.00
0.157,34.71,20.00,14.71,136.20,0.00,0.00,250.00
0.208,33.95,20.00,13.95,83.31,0.00,0.00,250.00
0.259,33.95,20.00,13.95,54.15,0.00,12.00,258.40
0.309,33.95,20.00,13.95,35.20,0.00,12.00,266.80
0.359,34.46,20.00,14.46,26.45,0.00,12.00,275.20
0.409,33.95,20.00,13.95,13.62,0.00,12.00,283.60
0.460,33.93,20.00,13.93,8.72,0.00,12.00,292.00
0.511,33.95,20.00,13.95,5.80,0.00,12.00,300.40
0.562,34.19,20.00,14.19,5.42,0.00,12.00,308.80
0.612,34.46,20.00,14.46,5.41,0.00,12.00,317.20
0.662,34.20,20.00,14.20,1.70,0.00,8.00,322.80
0.712,34.20,20.00,14.20,1.10,0.00,6.86,327.61
0.762,34.46,20.00,14.46,2.54,0.00,8.00,333.21
0.812,34.46,20.00,14.46,1.65,0.00,8.00,338.81
0.862,34.20,20.00,14.20,-0.75,0.00,2.75,340.73
0.912,34.46,20.00,14.46,1.33,0.00,7.43,345.93
0.962,34.20,20.00,14.20,-0.95,0.00,2.41,347.62
1.012,34.20,20.00,14.20,-0.62,0.00,2.97,349.70
1.062,34.19,20.00,14.19,-0.47,0.00,3.20,351.94
1.113,33.93,20.00,13.93,-2.09,0.00,1.50,352.99
1.164,33.68,20.00,13.68,-3.08,0.00,1.46,354.01
1.214,33.93,20.00,13.93,-0.25,0.00,3.50,356.46
1.264,33.93,20.00,13.93,-0.16,0.00,3.65,359.02
1.314,33.93,20.00,13.93,-0.11,0.00,3.76,361.65
1.364,34.48,20.00,14.48,3.78,0.00,11.59,369.77
1.414,34.48,20.00,14.48,2.46,0.00,8.00,375.37
1.464,34.48,20.00,14.48,1.60,0.00,8.00,380.97
1.514,34.48,20.00,14.48,1.04,0.00,6.74,385.68
1.564,34.48,20.00,14.48,0.68,0.00,5.80,389.74
1.614,34.46,20.00,14.46,0.30,0.00,4.92,393.19
1.665,34.46,20.00,14.46,0.19,0.00,4.65,396.44
1.715,34.46,20.00,14.46,0.13,0.00,4.45,399.56
1.765,34.46,20.00,14.46,0.08,0.00,4.30,402.57
1.815,34.46,20.00,14.46,0.05,0.00,4.20,405.51
1.865,34.46,20.00,14.46,0.03,0.00,4.13,408.41
1.915,34.46,20.00,14.46,0.02,0.00,4.09,411.27
1.965,34.46,20.00,14.46,0.01,0.00,4.06,414.11
2.015,34.44,20.00,14.44,-0.13,0.00,3.71,416.71
2.065,34.44,20.00,14.44,-0.08,0.00,3.80,419.37
2.115,33.95,20.00,13.95,-3.49,0.00,1.24,420.23
2.165,33.95,20.00,13.95,-2.27,0.00,1.50,421.28
2.215,33.93,20.00,13.93,-1.61,0.00,1.50,422.33
2.265,33.93,20.00,13.93,-1.05,0.00,2.28,423.93
2.316,33.95,20.00,13.95,-0.54,0.00,3.09,426.09
2.366,34.46,20.00,14.46,3.22,0.00,8.90,432.32
2.416,34.46,20.00,14.46,2.09,0.00,8.00,437.92
2.466,34.46,20.00,14.46,1.36,0.00,7.51,443.18
2.516,34.46,20.00,14.46,0.88,0.00,6.36,447.63
2.566,34.46,20.00,14.46,0.57,0.00,5.53,451.50
2.616,34.46,20.00,14.46,0.37,0.00,5.09,455.06
2.666,34.46,20.00,14.46,0.24,0.00,4.78,458.41
2.717,34.48,20.00,14.48,0.29,0.00,4.91,461.84
2.768,34.46,20.00,14.46,0.05,0.00,4.21,464.79
2.819,34.46,20.00,14.46,0.04,0.00,4.14,467.68
2.869,34.46,20.00,14.46,0.02,0.00,4.09,470.55
2.919,34.46,20.00,14.46,0.01,0.00,4.06,473.39
2.969,34.46,20.00,14.46,0.01,0.00,4.04,476.21
3.019,34.46,20.00,14.46,0.01,0.00,4.03,479.03
3.069,34.46,20.00,14.46,0.00,0.00,4.02,481.84
3.119,34.46,20.00,14.46,0.00,0.00,4.01,484.65
3.169,34.46,20.00,14.46,0.00,0.00,4.01,487.46
3.219,34.46,20.00,14.46,0.00,0.00,4.00,490.26
3.269,34.46,20.00,14.46,0.00,0.00,4.00,493.06
3.319,34.46,20.00,14.46,0.00,0.00,4.00,495.86
3.369,34.46,20.00,14.46,0.00,0.00,4.00,498.66
3.419,34.46,20.00,14.46,0.00,0.00,4.00,501.46
3.470,34.46,20.00,14.46,0.00,0.00,4.00,504.26
3.520,34.46,20.00,14.46,0.00,0.00,4.00,507.06
3.570,34.46,20.00,14.46,0.00,0.00,4.00,509.86
3.620,34.46,20.00,14.46,0.00,0.00,4.00,512.66
3.670,34.46,20.00,14.46,0.00,0.00,4.00,515.46
3.720,34.46,20.00,14.46,0.00,0.00,4.00,518.26
3.770,34.46,20.00,14.46,0.00,0.00,4.00,521.06
3.820,34.46,20.00,14.46,0.00,0.00,4.00,523.86
3.870,34.46,20.00,14.46,0.00,0.00,4.00,526.66
3.920,34.46,20.00,14.46,0.00,0.00,4.00,529.46
3.970,34.73,20.00,14.73,1.89,0.00,8.00,535.06
4.020,34.46,20.00,14.46,-0.66,0.00,2.90,537.09
4.071,34.73,20.00,14.73,1.42,0.00,7.71,542.49
4.121,34.73,20.00,14.73,0.92,0.00,6.47,547.02
4.171,34.48,20.00,14.48,-1.15,0.00,2.15,548.52
4.221,34.48,20.00,14.48,-0.75,0.00,2.76,550.45
4.271,34.48,20.00,14.48,-0.49,0.00,3.18,552.68
4.321,34.46,20.00,14.46,-0.46,0.00,3.22,554.93
4.371,34.46,20.00,14.46,-0.30,0.00,3.43,557.33
4.421,33.95,20.00,13.95,-3.76,0.00,1.06,558.08
4.471,33.95,20.00,13.95,-2.45,0.00,1.50,559.13
4.521,33.95,20.00,13.95,-1.59,0.00,1.50,560.18
4.571,33.95,20.00,13.95,-1.03,0.00,2.30,561.78
4.622,33.95,20.00,13.95,-0.67,0.00,2.88,563.80
4.672,33.95,20.00,13.95,-0.44,0.00,3.24,566.07
4.722,34.20,20.00,14.20,1.47,0.00,7.87,571.58
4.772,34.20,20.00,14.20,0.95,0.00,6.54,576.16
4.822,34.20,20.00,14.20,0.62,0.00,5.65,580.11
4.872,34.20,20.00,14.20,0.40,0.00,5.15,583.72
4.922,33.97,20.00,13.97,-1.35,0.00,1.83,585.00
4.972,33.97,20.00,13.97,-0.88,0.00,2.54,586.78
5.022,34.48,20.00,14.48,3.00,0.00,8.00,592.38
5.072,34.48,20.00,14.48,1.95,0.00,8.00,597.98
5.122,33.97,20.00,13.97,-2.30,0.00,1.50,599.03
5.172,34.20,20.00,14.20,0.11,0.00,4.41,602.11
5.222,34.99,20.00,14.99,5.60,0.00,12.00,610.51
5.272,34.99,20.00,14.99,3.64,0.00,10.88,618.13
5.322,34.73,20.00,14.73,0.55,0.00,5.46,621.95
5.372,34.73,20.00,14.73,0.36,0.00,5.05,625.48
5.422,34.20,20.00,14.20,-3.48,0.00,1.24,626.35
5.472,34.20,20.00,14.20,-2.26,0.00,1.50,627.40
5.522,34.20,20.00,14.20,-1.47,0.00,1.57,628.50
5.572,33.69,20.00,13.69,-4.53,0.00,0.48,628.84
5.623,33.69,20.00,13.69,-2.94,0.00,1.50,629.89
5.674,33.93,20.00,13.93,-0.26,0.00,3.48,632.32
5.724,33.69,20.00,13.69,-1.85,0.00,1.50,633.37
5.774,33.69,20.00,13.69,-1.20,0.00,2.07,634.82
5.824,33.93,20.00,13.93,0.90,0.00,6.39,639.30
5.874,33.69,20.00,13.69,-1.10,0.00,2.22,640.85
5.924,33.93,20.00,13.93,0.97,0.00,6.58,645.45
5.974,33.68,20.00,13.68,-1.12,0.00,2.19,646.98
6.024,33.15,20.00,13.15,-4.44,0.00,0.55,647.37
6.074,32.10,20.00,12.10,-10.24,0.00,0.00,647.37
6.124,31.84,20.00,11.84,-8.47,0.00,0.00,647.37
6.174,31.31,20.00,11.31,-9.22,0.00,0.00,647.37
6.224,31.31,20.00,11.31,-5.99,0.00,0.00,647.37
6.274,31.08,20.00,11.08,-5.50,0.00,0.00,647.37
6.324,31.08,20.00,11.08,-3.58,0.00,1.18,648.20
6.374,31.08,20.00,11.08,-2.33,0.00,1.50,649.25
6.424,31.08,20.00,11.08,-1.51,0.00,1.50,650.30
6.474,31.08,20.00,11.08,-0.98,0.00,2.45,652.01
6.524,16.06,20.00,-3.94,-105.78,-0.20,-0.02,652.00
6.575,14.72,20.00,-5.28,-77.95,-0.46,-10.06,644.96
6.625,13.72,20.00,-6.28,-57.67,-0.78,-10.09,637.89
6.675,13.72,20.00,-6.28,-37.48,-1.09,-10.13,630.80
6.725,13.72,20.00,-6.28,-24.37,-1.40,-10.17,623.68
6.775,13.72,20.00,-6.28,-15.84,-1.71,-10.21,616.54
6.825,13.72,20.00,-6.28,-10.29,-2.02,-6.40,612.06
6.875,25.13,20.00,5.13,73.18,-1.76,12.00,620.46
6.926,20.76,20.00,0.76,17.58,-1.72,3.79,623.11
6.977,16.39,20.00,-3.61,-18.57,-1.90,-6.51,618.55
7.027,16.39,20.00,-3.61,-12.07,-2.08,-5.29,614.85
7.077,16.39,20.00,-3.61,-7.84,-2.25,-3.39,612.48
7.128,16.39,20.00,-3.61,-5.10,-2.43,-3.55,609.99
7.178,16.39,20.00,-3.61,-3.31,-2.61,-2.07,608.54
7.228,4.22,20.00,-15.78,-87.34,-2.61,-0.31,608.32
7.278,10.95,20.00,-9.05,-9.66,-3.05,-8.93,602.07
7.328,6.75,20.00,-13.25,-35.68,-3.05,-10.37,594.81
7.378,6.75,20.00,-13.25,-23.19,-3.05,-10.37,587.56
7.429,5.80,20.00,-14.20,-21.60,-3.05,-10.37,580.30
7.479,5.80,20.00,-14.20,-14.04,-3.05,-10.37,573.05
7.529,5.49,20.00,-14.51,-11.29,-3.05,-10.37,565.79
7.579,5.49,20.00,-14.51,-7.34,-3.05,-10.37,558.53
7.629,4.54,20.00,-15.46,-11.42,-3.05,-10.37,551.28
7.679,4.54,20.00,-15.46,-7.42,-3.05,-10.37,544.02
7.729,4.54,20.00,-15.46,-4.83,-3.05,-9.74,537.20
7.779,4.52,20.00,-15.48,-3.28,-3.05,-5.85,533.11
7.829,4.52,20.00,-15.48,-2.13,-3.05,-5.37,529.35
7.879,4.52,20.00,-15.48,-1.38,-3.05,-5.11,525.78
7.929,4.52,20.00,-15.48,-0.90,-3.05,-4.37,522.72
7.979,4.52,20.00,-15.48,-0.58,-3.05,-3.84,520.03
8.029,4.52,20.00,-15.48,-0.38,-3.05,-3.55,517.54
8.079,4.52,20.00,-15.48,-0.25,-3.05,-3.36,515.19
8.129,4.52,20.00,-15.48,-0.16,-3.05,-3.21,512.94
8.179,4.52,20.00,-15.48,-0.10,-3.05,-3.10,510.77
8.229,4.52,20.00,-15.48,-0.07,-3.05,-3.03,508.65
8.279,4.52,20.00,-15.48,-0.04,-3.05,-2.97,506.57
8.329,4.52,20.00,-15.48,-0.03,-3.05,-2.94,504.52
8.379,3.26,20.00,-16.74,-8.84,-3.05,-10.37,497.26
8.429,3.26,20.00,-16.74,-5.75,-3.05,-10.37,490.00
8.479,4.52,20.00,-15.48,5.09,-3.05,-0.37,489.75
8.529,4.52,20.00,-15.48,3.31,-3.05,-1.26,488.87
8.579,4.54,20.00,-15.46,2.29,-3.05,-1.37,487.91
8.629,4.54,20.00,-15.46,1.49,-3.05,-1.38,486.94
8.679,4.52,20.00,-15.48,0.83,-3.05,-2.04,485.51
8.729,4.52,20.00,-15.48,0.54,-3.05,-2.33,483.88
8.779,4.52,20.00,-15.48,0.35,-3.05,-2.48,482.15
8.829,4.20,20.00,-15.80,-2.01,-3.05,-5.37,478.39
8.880,4.20,20.00,-15.80,-1.31,-3.05,-4.96,474.92
8.930,4.20,20.00,-15.80,-0.85,-3.05,-4.28,471.92
8.980,3.26,20.00,-16.74,-7.13,-3.05,-10.37,464.66
9.030,3.26,20.00,-16.74,-4.64,-3.05,-9.12,458.28
9.080,3.26,20.00,-16.74,-3.01,-3.05,-5.39,454.51
9.130,4.52,20.00,-15.48,6.86,-3.05,-0.37,454.25
9.180,4.54,20.00,-15.46,4.60,-3.05,-0.64,453.80
9.230,4.54,20.00,-15.46,2.99,-3.05,-1.37,452.85
9.280,4.52,20.00,-15.48,1.80,-3.05,-1.37,451.89
9.330,4.52,20.00,-15.48,1.17,-3.05,-1.74,450.68
9.380,4.54,20.00,-15.46,0.90,-3.05,-1.96,449.30
9.430,4.54,20.00,-15.46,0.59,-3.05,-2.28,447.70
9.480,4.52,20.00,-15.48,0.24,-3.05,-2.57,445.90
9.530,3.26,20.00,-16.74,-8.66,-3.05,-10.37,438.65
9.580,3.26,20.00,-16.74,-5.63,-3.05,-10.37,431.39
9.630,3.26,20.00,-16.74,-3.66,-3.05,-6.60,426.77
9.681,4.52,20.00,-15.48,6.27,-3.05,-0.37,426.51
9.731,3.26,20.00,-16.74,-4.75,-3.05,-9.47,419.88
9.781,3.26,20.00,-16.74,-3.08,-3.05,-5.51,416.03
9.831,3.26,20.00,-16.74,-2.01,-3.05,-5.37,412.27
9.882,4.52,20.00,-15.48,7.34,-3.05,-0.37,412.01
9.932,4.52,20.00,-15.48,4.77,-3.05,-0.53,411.64
9.982,4.52,20.00,-15.48,3.10,-3.05,-1.33,410.71
10.032,4.52,20.00,-15.48,2.02,-3.05,-1.37,409.75
10.082,4.52,20.00,-15.48,1.31,-3.05,-1.60,408.63
10.133,4.52,20.00,-15.48,0.85,-3.05,-2.01,407.22
10.183,4.54,20.00,-15.46,0.69,-3.05,-2.17,405.70
10.233,5.80,20.00,-14.20,9.27,-3.05,-0.37,405.44
10.283,5.80,20.00,-14.20,6.03,-3.05,-0.37,405.19
10.333,5.80,20.00,-14.20,3.92,-3.05,-1.01,404.48
10.384,5.80,20.00,-14.20,2.55,-3.05,-1.37,403.53
10.434,5.80,20.00,-14.20,1.65,-3.05,-1.37,402.57
10.484,4.85,20.00,-15.15,-5.57,-3.05,-10.37,395.32
10.534,4.85,20.00,-15.15,-3.62,-3.05,-6.53,390.75
10.584,4.85,20.00,-15.15,-2.36,-3.05,-5.37,386.99
10.634,4.85,20.00,-15.15,-1.53,-3.05,-5.37,383.23
10.684,4.85,20.00,-15.15,-1.00,-3.05,-4.52,380.07
10.734,4.85,20.00,-15.15,-0.65,-3.05,-3.94,377.31
10.784,5.80,20.00,-14.20,6.23,-3.05,-0.37,377.05
10.834,5.80,20.00,-14.20,4.05,-3.05,-0.94,376.39
10.884,5.80,20.00,-14.20,2.63,-3.05,-1.37,375.43
10.934,5.47,20.00,-14.53,-0.60,-3.05,-3.86,372.73
10.984,5.47,20.00,-14.53,-0.39,-3.05,-3.57,370.23
11.034,4.54,20.00,-15.46,-6.76,-3.05,-10.37,362.98
11.084,4.54,20.00,-15.46,-4.40,-3.05,-8.40,357.10
11.135,4.52,20.00,-15.48,-2.99,-3.05,-5.37,353.34
11.185,4.54,20.00,-15.46,-1.81,-3.05,-5.37,349.58
11.235,4.52,20.00,-15.48,-1.31,-3.05,-4.97,346.10
11.285,4.52,20.00,-15.48,-0.85,-3.05,-4.29,343.10
11.335,4.23,20.00,-15.77,-2.59,-3.05,-5.37,339.34
11.385,4.22,20.00,-15.78,-1.75,-3.05,-5.37,335.59
11.435,4.52,20.00,-15.48,0.96,-3.05,-1.90,334.25
11.485,4.54,20.00,-15.46,0.77,-3.05,-2.10,332.78
11.535,4.54,20.00,-15.46,0.50,-3.05,-2.37,331.12
11.585,6.43,20.00,-13.57,13.55,-3.05,-0.37,330.87
11.635,6.43,20.00,-13.57,8.81,-3.05,-0.37,330.61
11.685,5.17,20.00,-14.83,-3.09,-3.05,-5.52,326.74
11.735,5.17,20.00,-14.83,-2.01,-3.05,-5.37,322.99
11.785,6.43,20.00,-13.57,7.51,-3.05,-0.37,322.73
11.835,6.43,20.00,-13.57,4.88,-3.05,-0.45,322.42
11.886,6.43,20.00,-13.57,3.17,-3.05,-1.31,321.50
11.936,6.44,20.00,-13.56,2.13,-3.05,-1.37,320.54
11.986,6.44,20.00,-13.56,1.39,-3.05,-1.52,319.48
12.036,8.35,20.00,-11.65,14.27,-3.05,-0.37,319.22
12.086,8.35,20.00,-11.65,9.28,-3.05,-0.37,318.97
12.136,8.35,20.00,-11.65,6.03,-3.05,-0.37,318.71
12.186,8.35,20.00,-11.65,3.92,-3.05,-1.00,318.01
12.236,8.35,20.00,-11.65,2.55,-3.05,-1.37,317.05
12.286,8.35,20.00,-11.65,1.66,-3.05,-1.37,316.10
12.336,8.69,20.00,-11.31,3.46,-3.05,-1.20,315.26
12.386,8.69,20.00,-11.31,2.25,-3.05,-1.37,314.30
12.436,7.38,20.00,-12.62,-7.71,-3.05,-10.37,307.04
12.487,7.38,20.00,-12.62,-5.01,-3.05,-10.37,299.79
12.537,7.38,20.00,-12.62,-3.26,-3.05,-5.81,295.72
12.587,8.70,20.00,-11.30,7.12,-3.05,-0.37,295.46
12.637,9.37,20.00,-10.63,9.32,-3.05,-0.37,295.20
12.687,10.71,20.00,-9.29,15.44,-3.51,0.03,295.22
12.737,10.71,20.00,-9.29,10.03,-3.97,-0.25,295.05
12.787,9.37,20.00,-10.63,-2.86,-3.97,-5.48,291.22
12.837,9.37,20.00,-10.63,-1.86,-3.97,-5.48,287.38
12.887,10.37,20.00,-9.63,5.79,-4.44,-0.53,287.01
12.937,10.37,20.00,-9.63,3.77,-4.91,-1.14,286.22
12.987,10.37,20.00,-9.63,2.45,-5.38,-1.48,285.18
13.037,10.37,20.00,-9.63,1.59,-5.85,-1.53,284.11
13.087,9.71,20.00,-10.29,-3.59,-5.85,-6.78,279.36
13.137,8.70,20.00,-11.30,-9.40,-5.85,-10.70,271.87
13.187,8.70,20.00,-11.30,-6.11,-5.85,-10.70,264.38
13.237,8.70,20.00,-11.30,-3.97,-5.85,-7.63,259.03
13.287,9.71,20.00,-10.29,4.49,-5.85,-1.04,258.30
13.337,9.71,20.00,-10.29,2.92,-5.85,-1.70,257.11
13.387,9.71,20.00,-10.29,1.90,-5.85,-1.70,255.92
13.437,9.71,20.00,-10.29,1.23,-5.85,-2.11,254.44
13.487,8.70,20.00,-11.30,-6.27,-5.85,-10.70,246.95
13.537,7.70,20.00,-12.30,-11.07,-5.85,-10.70,239.46
13.587,7.70,20.00,-12.30,-7.20,-5.85,-10.70,231.97
13.637,7.38,20.00,-12.62,-6.92,-5.85,-10.70,224.48
13.687,7.38,20.00,-12.62,-4.50,-5.85,-9.03,218.16
13.737,7.38,20.00,-12.62,-2.92,-5.85,-5.70,214.17
13.787,7.38,20.00,-12.62,-1.90,-5.85,-5.70,210.17
13.838,7.38,20.00,-12.62,-1.24,-5.85,-5.18,206.55
13.888,6.43,20.00,-13.57,-7.45,-5.85,-10.70,199.06
13.939,6.43,20.00,-13.57,-4.84,-5.85,-10.14,191.96
13.989,5.49,20.00,-14.51,-9.73,-5.85,-10.70,184.47
14.039,5.49,20.00,-14.51,-6.32,-5.85,-10.70,176.98
14.089,5.49,20.00,-14.51,-4.11,-5.85,-7.97,171.40
14.139,6.43,20.00,-13.57,3.91,-5.85,-1.35,170.45
14.189,6.43,20.00,-13.57,2.54,-5.85,-1.70,169.26
14.239,5.49,20.00,-14.51,-4.93,-5.85,-10.44,165.75
14.289,5.49,20.00,-14.51,-3.20,-5.85,-6.05,164.70
14.339,5.49,20.00,-14.51,-2.08,-5.85,-5.70,164.39
14.389,5.49,20.00,-14.51,-1.35,-5.85,-5.38,164.29
14.439,5.47,20.00,-14.53,-1.02,-5.85,-4.89,164.26
14.489,5.49,20.00,-14.51,-0.52,-5.85,-4.07,164.25
14.539,5.81,20.00,-14.19,1.90,-5.85,-1.70,164.25
14.589,5.81,20.00,-14.19,1.24,-5.85,-2.02,164.25
14.639,6.12,20.00,-13.88,2.97,-5.85,-1.70,164.25
14.689,8.69,20.00,-11.31,19.92,-5.85,-0.70,164.25
14.739,9.03,20.00,-10.97,15.33,-5.85,-0.70,164.25
14.789,9.37,20.00,-10.63,12.34,-5.85,-0.70,164.25
14.840,10.37,20.00,-9.63,14.89,-6.33,-0.51,164.25
14.891,10.69,20.00,-9.31,11.87,-6.79,-0.56,164.25
14.941,11.03,20.00,-8.97,10.10,-7.22,-0.65,164.25
14.991,11.71,20.00,-8.29,11.32,-7.62,-0.64,164.25
15.041,12.38,20.00,-7.62,12.05,-7.99,-0.61,164.25
15.091,12.38,20.00,-7.62,7.83,-8.35,-1.00,164.25
15.141,12.39,20.00,-7.61,5.16,-8.72,-1.05,164.25
15.191,13.04,20.00,-6.96,7.90,-9.05,-1.09,164.25
15.241,13.06,20.00,-6.94,5.28,-9.37,-1.12,164.25
15.292,13.70,20.00,-6.30,7.82,-9.68,-1.16,164.25
15.342,13.72,20.00,-6.28,5.22,-9.97,-1.20,164.25
15.392,14.04,20.00,-5.96,5.64,-10.25,-1.23,164.25
15.442,14.40,20.00,-5.60,6.18,-10.51,-1.26,164.25
15.492,14.72,20.00,-5.28,6.26,-10.75,-1.29,164.25
15.542,15.74,20.00,-4.26,11.21,-10.94,0.02,164.26
15.592,15.74,20.00,-4.26,7.29,-11.13,-0.68,164.25
15.642,16.39,20.00,-3.61,9.29,-11.29,0.01,164.26
15.693,16.39,20.00,-3.61,6.04,-11.45,-0.25,164.25
15.743,16.39,20.00,-3.61,3.92,-11.61,-1.08,164.25
15.793,16.08,20.00,-3.92,0.38,-11.78,-2.02,164.25
15.843,16.08,20.00,-3.92,0.25,-11.95,-2.14,164.25
15.894,16.06,20.00,-3.94,0.02,-12.13,-2.42,164.25
15.944,15.76,20.00,-4.24,-2.08,-12.32,-3.30,164.25
15.994,15.76,20.00,-4.24,-1.36,-12.50,-3.16,164.25
16.044,15.76,20.00,-4.24,-0.88,-12.69,-2.94,164.25
16.095,15.76,20.00,-4.24,-0.57,-12.88,-2.93,164.25
16.145,15.76,20.00,-4.24,-0.37,-13.07,-2.87,164.25
16.195,15.40,20.00,-4.60,-2.76,-13.27,-3.72,164.25
16.245,15.40,20.00,-4.60,-1.80,-13.47,-3.74,164.25
16.295,15.40,20.00,-4.60,-1.17,-13.67,-3.36,164.25
16.346,15.40,20.00,-4.60,-0.76,-13.88,-3.23,164.25
16.396,15.40,20.00,-4.60,-0.49,-14.08,-3.09,164.25
16.446,15.40,20.00,-4.60,-0.32,-14.28,-3.00,164.25
16.496,15.74,20.00,-4.26,2.17,-14.47,-1.74,164.25
16.547,15.74,20.00,-4.26,1.41,-14.66,-1.89,164.25
16.597,15.74,20.00,-4.26,0.92,-14.84,-2.27,164.25
16.647,15.74,20.00,-4.26,0.60,-15.02,-2.31,164.25
16.697,15.74,20.00,-4.26,0.39,-15.20,-2.42,164.25
16.747,15.06,20.00,-4.94,-4.51,-15.42,-5.79,164.25
16.797,15.06,20.00,-4.94,-2.93,-15.64,-4.32,164.25
16.847,15.06,20.00,-4.94,-1.90,-15.85,-4.34,164.25
16.897,15.06,20.00,-4.94,-1.24,-16.07,-4.04,164.25
16.947,15.74,20.00,-4.26,3.96,-16.25,-1.66,164.25
16.997,16.06,20.00,-3.94,4.81,-16.41,-1.25,164.25
17.047,16.06,20.00,-3.94,3.13,-16.57,-1.94,164.25
17.097,16.06,20.00,-3.94,2.03,-16.74,-2.01,164.25
17.147,16.06,20.00,-3.94,1.32,-16.90,-2.26,164.25
17.197,16.06,20.00,-3.94,0.86,-17.06,-2.53,164.25
17.247,16.06,20.00,-3.94,0.56,-17.23,-2.60,164.25
17.297,16.06,20.00,-3.94,0.36,-17.39,-2.71,164.25
17.347,16.71,20.00,-3.29,4.79,-17.52,-1.17,164.25
17.397,16.71,20.00,-3.29,3.11,-17.65,-2.07,164.25
17.448,17.03,20.00,-2.97,4.22,-17.76,-1.37,164.25
17.498,17.03,20.00,-2.97,2.74,-17.88,-2.15,164.25
17.548,17.03,20.00,-2.97,1.78,-17.99,-2.16,164.25
17.598,17.03,20.00,-2.97,1.16,-18.10,-2.43,164.25
17.648,17.03,20.00,-2.97,0.75,-18.21,-2.68,164.25
17.698,17.03,20.00,-2.97,0.49,-18.32,-2.87,164.25
17.748,17.03,20.00,-2.97,0.32,-18.44,-2.97,164.25
17.799,17.03,20.00,-2.97,0.21,-18.55,-3.05,164.25
17.850,16.73,20.00,-3.27,-1.92,-18.68,-3.42,164.25
17.900,16.71,20.00,-3.29,-1.39,-18.81,-3.42,164.25
17.950,17.03,20.00,-2.97,1.34,-18.92,-2.41,164.25
18.000,17.03,20.00,-2.97,0.87,-19.03,-2.70,164.25
18.051,16.71,20.00,-3.29,-1.63,-19.16,-3.49,164.25
18.101,16.71,20.00,-3.29,-1.06,-19.28,-3.44,164.25
18.151,16.71,20.00,-3.29,-0.69,-19.41,-3.45,164.25
18.202,16.73,20.00,-3.27,-0.31,-19.54,-3.47,164.25
18.252,16.73,20.00,-3.27,-0.20,-19.66,-3.50,164.25
18.302,17.03,20.00,-2.97,1.97,-19.77,-2.37,164.25
18.352,17.03,20.00,-2.97,1.28,-19.88,-2.57,164.25
18.402,17.03,20.00,-2.97,0.83,-19.99,-2.84,164.25
18.453,16.73,20.00,-3.27,-1.52,-20.11,-3.59,164.25
18.503,16.71,20.00,-3.29,-1.13,-20.24,-3.56,164.25
18.553,16.71,20.00,-3.29,-0.73,-20.36,-3.56,164.25
18.603,16.71,20.00,-3.29,-0.48,-20.48,-3.58,164.25
18.653,16.39,20.00,-3.61,-2.55,-20.62,-3.85,164.25
18.703,16.39,20.00,-3.61,-1.66,-20.76,-3.86,164.25
18.753,16.39,20.00,-3.61,-1.08,-20.90,-3.74,164.25
18.804,16.39,20.00,-3.61,-0.70,-21.04,-3.74,164.25
18.854,16.39,20.00,-3.61,-0.46,-21.18,-3.77,164.25
18.904,16.39,20.00,-3.61,-0.30,-21.32,-3.80,164.25
18.954,16.39,20.00,-3.61,-0.19,-21.46,-3.75,164.25
19.004,17.34,20.00,-2.66,6.53,-21.55,-1.09,164.25
19.054,17.36,20.00,-2.64,4.38,-21.63,-1.70,164.25
19.104,17.36,20.00,-2.64,2.85,-21.72,-2.61,164.25
19.154,17.34,20.00,-2.66,1.71,-21.81,-2.62,164.25
19.204,17.34,20.00,-2.66,1.11,-21.90,-2.91,164.25
19.254,17.36,20.00,-2.64,0.86,-21.99,-3.06,164.25
19.304,17.66,20.00,-2.34,2.66,-22.06,-2.65,164.25
19.354,18.33,20.00,-1.67,6.42,-22.10,-1.15,164.25
19.404,19.28,20.00,-0.72,10.82,-22.09,-0.59,164.25
19.454,19.30,20.00,-0.70,7.17,-22.08,-1.15,164.25
19.504,19.30,20.00,-0.70,4.66,-22.07,-1.50,164.25
19.555,19.30,20.00,-0.70,3.03,-22.07,-2.63,164.25
19.605,19.30,20.00,-0.70,1.97,-22.06,-2.65,164.25
19.655,19.30,20.00,-0.70,1.28,-22.05,-2.65,164.25
19.705,29.75,20.00,9.75,73.98,-21.52,12.00,172.65
19.756,30.66,20.00,10.66,54.33,-21.52,12.00,181.05
19.806,31.33,20.00,11.33,40.01,-21.52,12.00,189.45
19.856,31.57,20.00,11.57,27.68,-21.52,12.00,197.85
19.906,31.57,20.00,11.57,17.99,-21.52,12.00,206.25
19.956,33.17,20.00,13.17,22.90,-21.52,12.00,214.65
20.006,33.17,20.00,13.17,14.88,-21.52,12.00,223.05
20.057,33.42,20.00,13.42,11.39,-21.52,12.00,231.45
20.107,33.95,20.00,13.95,11.11,-21.52,12.00,239.85
20.157,34.19,20.00,14.19,8.90,-21.52,12.00,248.25
20.207,34.19,20.00,14.19,5.79,-21.52,12.00,256.65
20.257,34.19,20.00,14.19,3.76,-21.52,8.91,262.89
20.308,34.99,20.00,14.99,7.94,-21.52,12.00,271.29
20.358,34.99,20.00,14.99,5.16,-21.52,12.00,279.69
20.408,34.99,20.00,14.99,3.35,-21.52,6.92,284.53
20.458,34.20,20.00,14.20,-3.35,-21.52,-1.27,283.64
20.508,34.20,20.00,14.20,-2.18,-21.52,-1.08,282.88
20.558,34.20,20.00,14.20,-1.42,-21.52,-0.89,282.26
20.608,34.20,20.00,14.20,-0.92,-21.52,-0.12,282.18
20.658,34.20,20.00,14.20,-0.60,-21.52,0.42,282.47
20.709,34.20,20.00,14.20,-0.39,-21.52,0.72,282.98
20.759,34.20,20.00,14.20,-0.25,-21.52,0.91,283.62
20.809,34.20,20.00,14.20,-0.16,-21.52,1.07,284.36
20.859,34.20,20.00,14.20,-0.11,-21.52,1.18,285.19
20.909,34.20,20.00,14.20,-0.07,-21.52,1.26,286.07
20.959,33.93,20.00,13.93,-1.94,-21.52,-1.08,285.31
21.009,33.69,20.00,13.69,-2.94,-21.52,-1.08,284.55
21.059,33.69,20.00,13.69,-1.91,-21.52,-1.08,283.79
21.109,33.68,20.00,13.68,-1.31,-21.52,-0.68,283.31
21.159,33.69,20.00,13.69,-0.78,-21.52,0.11,283.39
21.209,33.93,20.00,13.93,1.17,-21.52,4.43,286.49
21.259,33.95,20.00,13.95,0.90,-21.52,3.82,289.17
21.309,33.95,20.00,13.95,0.59,-21.52,2.98,291.26
21.359,34.20,20.00,14.20,2.13,-21.52,5.42,295.05
21.410,34.20,20.00,14.20,1.39,-21.52,5.01,298.55
21.460,34.99,20.00,14.99,6.43,-21.52,12.00,306.95
21.510,34.99,20.00,14.99,4.18,-21.52,11.29,314.86
21.560,33.95,20.00,13.95,-4.56,-21.52,-2.14,313.36
21.610,34.44,20.00,14.44,0.46,-21.52,2.69,315.24
21.660,34.44,20.00,14.44,0.30,-21.52,2.34,316.88
21.710,33.68,20.00,13.68,-5.12,-21.52,-2.58,315.07
21.760,33.68,20.00,13.68,-3.33,-21.52,-1.26,314.19
21.810,33.68,20.00,13.68,-2.16,-21.52,-1.08,313.44
21.860,34.20,20.00,14.20,2.23,-21.52,5.42,317.23
21.910,34.20,20.00,14.20,1.45,-21.52,5.23,320.89
21.960,33.93,20.00,13.93,-0.95,-21.52,-0.16,320.78
22.010,33.93,20.00,13.93,-0.62,-21.52,0.39,321.05
22.061,34.20,20.00,14.20,1.45,-21.52,5.24,324.72
22.111,33.93,20.00,13.93,-0.95,-21.52,-0.16,324.61
22.161,33.93,20.00,13.93,-0.61,-21.52,0.39,324.89
22.211,33.93,20.00,13.93,-0.40,-21.52,0.70,325.38
22.261,34.46,20.00,14.46,3.45,-21.52,7.37,330.53
22.311,34.46,20.00,14.46,2.24,-21.52,5.42,334.33
22.361,34.48,20.00,14.48,1.60,-21.52,5.42,338.12
22.411,34.48,20.00,14.48,1.04,-21.52,4.16,341.03
22.462,34.48,20.00,14.48,0.68,-21.52,3.22,343.28
22.512,34.46,20.00,14.46,0.30,-21.52,2.34,344.92
22.562,34.44,20.00,14.44,0.05,-21.52,1.62,346.05
22.612,34.44,20.00,14.44,0.04,-21.52,1.55,347.14
22.662,34.46,20.00,14.46,0.16,-21.52,1.98,348.53
22.712,34.46,20.00,14.46,0.11,-21.52,1.80,349.79
22.762,34.46,20.00,14.46,0.07,-21.52,1.68,350.96
22.812,34.46,20.00,14.46,0.04,-21.52,1.59,352.07
22.863,34.46,20.00,14.46,0.03,-21.52,1.53,353.15
22.913,34.48,20.00,14.48,0.16,-21.52,1.97,354.52
22.963,34.48,20.00,14.48,0.10,-21.52,1.79,355.78
23.013,34.46,20.00,14.46,-0.07,-21.52,1.25,356.65
23.063,34.46,20.00,14.46,-0.05,-21.52,1.30,357.56
23.113,34.46,20.00,14.46,-0.03,-21.52,1.34,358.50
23.163,34.46,20.00,14.46,-0.02,-21.52,1.37,359.46
23.213,33.68,20.00,13.68,-5.47,-21.52,-2.58,357.66
23.263,33.68,20.00,13.68,-3.56,-21.52,-1.39,356.68
23.314,33.68,20.00,13.68,-2.31,-21.52,-1.08,355.93
23.365,33.68,20.00,13.68,-1.50,-21.52,-1.08,355.17
23.416,33.68,20.00,13.68,-0.98,-21.52,-0.21,355.02
23.466,33.69,20.00,13.69,-0.57,-21.52,0.48,355.35
23.516,33.95,20.00,13.95,1.45,-21.52,5.24,359.02
23.566,33.95,20.00,13.95,0.94,-21.52,3.94,361.78
23.616,34.20,20.00,14.20,2.36,-21.52,5.42,365.57
23.666,34.46,20.00,14.46,3.36,-21.52,6.93,370.42
23.716,34.48,20.00,14.48,2.32,-21.52,5.42,374.21
23.767,34.48,20.00,14.48,1.51,-21.52,5.42,378.01
23.817,34.48,20.00,14.48,0.98,-21.52,4.03,380.83
23.867,34.48,20.00,14.48,0.64,-21.52,3.12,383.01
23.917,34.48,20.00,14.48,0.41,-21.52,2.59,384.83
23.967,34.46,20.00,14.46,0.13,-21.52,1.88,386.14
24.017,34.46,20.00,14.46,0.08,-21.52,1.73,387.35
24.067,34.46,20.00,14.46,0.05,-21.52,1.63,388.49
24.117,34.46,20.00,14.46,0.04,-21.52,1.56,389.58
24.168,34.20,20.00,14.20,-1.76,-21.52,-1.08,388.82
24.219,34.20,20.00,14.20,-1.14,-21.52,-0.43,388.52
24.269,33.93,20.00,13.93,-2.63,-21.52,-1.08,387.76
24.319,33.95,20.00,13.95,-1.57,-21.52,-1.08,387.01
24.369,33.95,20.00,13.95,-1.02,-21.52,-0.27,386.81
24.419,33.95,20.00,13.95,-0.66,-21.52,0.31,387.03
24.469,33.93,20.00,13.93,-0.57,-21.52,0.47,387.36
24.519,33.68,20.00,13.68,-2.12,-21.52,-1.08,386.60
24.569,33.68,20.00,13.68,-1.38,-21.52,-0.81,386.03
24.619,33.68,20.00,13.68,-0.90,-21.52,-0.08,385.98
24.669,33.68,20.00,13.68,-0.58,-21.52,0.45,386.29
24.720,33.68,20.00,13.68,-0.38,-21.52,0.73,386.80
24.771,33.68,20.00,13.68,-0.25,-21.52,0.92,387.45
24.821,33.68,20.00,13.68,-0.16,-21.52,1.07,388.20
24.871,33.68,20.00,13.68,-0.10,-21.52,1.18,389.03
24.921,33.93,20.00,13.93,1.68,-21.52,5.42,392.82
24.971,33.92,20.00,13.92,1.02,-21.52,4.13,395.71
25.021,33.93,20.00,13.93,0.74,-21.52,3.38,398.08
25.071,33.93,20.00,13.93,0.48,-21.52,2.71,399.97
25.121,33.93,20.00,13.93,0.31,-21.52,2.37,401.63
25.171,33.93,20.00,13.93,0.20,-21.52,2.09,403.09
25.221,34.46,20.00,14.46,3.84,-21.52,9.33,409.63
25.271,34.46,20.00,14.46,2.50,-21.52,5.42,413.42
25.322,34.46,20.00,14.46,1.62,-21.52,5.42,417.21
25.373,34.46,20.00,14.46,1.05,-21.52,4.19,420.14
25.423,34.46,20.00,14.46,0.69,-21.52,3.25,422.41
25.473,34.46,20.00,14.46,0.45,-21.52,2.65,424.27
25.523,34.46,20.00,14.46,0.29,-21.52,2.32,425.89
25.573,34.46,20.00,14.46,0.19,-21.52,2.05,427.33
25.623,34.46,20.00,14.46,0.12,-21.52,1.85,428.62
25.673,35.77,20.00,15.77,9.25,-21.52,12.00,437.02
25.724,35.77,20.00,15.77,6.01,-21.52,12.00,445.42
25.774,35.77,20.00,15.77,3.91,-21.52,9.70,452.21
25.824,35.77,20.00,15.77,2.54,-21.52,5.42,456.01
25.874,34.99,20.00,14.99,-3.81,-21.52,-1.55,454.92
25.925,34.99,20.00,14.99,-2.48,-21.52,-1.08,454.16
25.975,34.48,20.00,14.48,-5.18,-21.52,-2.58,452.36
26.025,34.46,20.00,14.46,-3.51,-21.52,-1.36,451.41
26.075,34.46,20.00,14.46,-2.28,-21.52,-1.08,450.65
26.125,34.46,20.00,14.46,-1.48,-21.52,-1.04,449.92
26.175,34.97,20.00,14.97,2.61,-21.52,5.42,453.71
26.225,34.46,20.00,14.46,-1.88,-21.52,-1.08,452.96
26.275,34.46,20.00,14.46,-1.22,-21.52,-0.53,452.58
26.326,34.46,20.00,14.46,-0.79,-21.52,0.10,452.65
26.376,34.46,20.00,14.46,-0.52,-21.52,0.56,453.04
26.426,33.95,20.00,13.95,-3.90,-21.52,-1.61,451.91
26.476,33.95,20.00,13.95,-2.54,-21.52,-1.08,451.16
26.526,33.93,20.00,13.93,-1.79,-21.52,-1.08,450.40
26.576,33.93,20.00,13.93,-1.16,-21.52,-0.45,450.08
26.626,33.93,20.00,13.93,-0.76,-21.52,0.16,450.19
26.676,33.95,20.00,13.95,-0.35,-21.52,0.77,450.73
26.726,33.95,20.00,13.95,-0.23,-21.52,0.95,451.40
26.776,33.93,20.00,13.93,-0.29,-21.52,0.86,452.00
26.826,33.93,20.00,13.93,-0.19,-21.52,1.02,452.71
26.877,33.93,20.00,13.93,-0.12,-21.52,1.15,453.52
26.928,33.93,20.00,13.93,-0.08,-21.52,1.23,454.38
26.979,33.93,20.00,13.93,-0.05,-21.52,1.30,455.29
27.030,33.17,20.00,13.17,-5.25,-21.52,-2.58,453.48
27.081,33.41,20.00,13.41,-1.76,-21.52,-1.08,452.72
27.131,33.15,20.00,13.15,-2.97,-21.52,-1.08,451.97
27.181,33.15,20.00,13.15,-1.93,-21.52,-1.08,451.21
27.231,33.15,20.00,13.15,-1.25,-21.52,-0.59,450.80
27.281,33.13,20.00,13.13,-0.95,-21.52,-0.17,450.68
27.332,32.88,20.00,12.88,-2.34,-21.52,-1.08,449.92
27.382,33.13,20.00,13.13,0.23,-21.52,2.17,451.44
27.432,32.88,20.00,12.88,-1.60,-21.52,-1.08,450.68
27.482,32.62,20.00,12.62,-2.86,-21.52,-1.08,449.92
27.532,32.37,20.00,12.37,-3.61,-21.52,-1.42,448.93
27.582,32.37,20.00,12.37,-2.35,-21.52,-1.08,448.17
27.632,32.11,20.00,12.11,-3.34,-21.52,-1.26,447.28
27.682,31.84,20.00,11.84,-4.06,-21.52,-1.73,446.07
27.732,31.84,20.00,11.84,-2.64,-21.52,-1.08,445.32
27.782,31.84,20.00,11.84,-1.72,-21.52,-1.08,444.56
27.832,31.84,20.00,11.84,-1.12,-21.52,-0.37,444.30
27.882,31.84,20.00,11.84,-0.73,-21.52,0.21,444.44
27.932,31.57,20.00,11.57,-2.36,-21.52,-1.08,443.69
27.982,31.57,20.00,11.57,-1.54,-21.52,-1.08,442.93
28.033,31.31,20.00,11.31,-2.78,-21.52,-1.08,442.17
28.083,30.77,20.00,10.77,-5.59,-21.52,-2.58,440.36
28.133,30.52,20.00,10.52,-5.38,-21.52,-2.58,438.56
28.183,30.26,20.00,10.26,-5.32,-21.52,-2.58,436.75
28.233,29.48,20.00,9.48,-8.92,-21.00,-2.60,434.93
28.283,29.48,20.00,9.48,-5.80,-20.49,-2.46,433.20
28.334,29.22,20.00,9.22,-5.55,-19.98,-2.40,431.53
28.385,28.63,20.00,8.63,-7.66,-19.50,-2.34,429.89
28.435,28.63,20.00,8.63,-4.98,-19.03,-2.26,428.30
28.485,28.05,20.00,8.05,-7.30,-18.59,-2.23,426.74
28.535,27.74,20.00,7.74,-6.91,-18.16,-2.18,425.22
28.585,26.59,20.00,6.59,-12.54,-17.80,-2.49,423.47
28.635,26.59,20.00,6.59,-8.15,-17.43,-2.10,422.00
28.685,26.59,20.00,6.59,-5.30,-17.07,-2.05,420.57
28.735,26.59,20.00,6.59,-3.44,-16.71,-1.87,419.26
28.785,26.59,20.00,6.59,-2.24,-16.34,-1.83,417.98
28.835,15.39,20.00,-4.61,-79.86,-16.54,-10.76,410.44
28.885,14.38,20.00,-5.62,-58.98,-16.79,-12.00,402.04
28.936,13.38,20.00,-6.62,-45.20,-17.09,-12.00,393.64
28.986,13.38,20.00,-6.62,-29.38,-17.39,-12.00,385.24
29.036,10.69,20.00,-9.31,-37.93,-17.82,-12.00,376.84
29.087,10.69,20.00,-9.31,-24.65,-18.26,-12.00,368.44
29.137,10.69,20.00,-9.31,-16.02,-18.68,-12.00,360.04
29.187,10.69,20.00,-9.31,-10.42,-19.11,-11.32,352.12
29.238,10.69,20.00,-9.31,-6.77,-19.55,-10.87,344.50
29.288,10.37,20.00,-9.63,-6.64,-19.99,-11.55,336.42
29.339,10.37,20.00,-9.63,-4.32,-20.44,-9.29,329.92
29.389,10.37,20.00,-9.63,-2.81,-20.88,-7.08,324.96
29.439,10.37,20.00,-9.63,-1.82,-21.32,-7.13,319.96
29.489,10.37,20.00,-9.63,-1.19,-21.76,-6.25,315.59
29.540,4.22,20.00,-15.78,-42.98,-21.76,-12.00,307.19
29.591,4.22,20.00,-15.78,-27.93,-21.76,-12.00,298.79
29.642,4.22,20.00,-15.78,-18.16,-21.76,-12.00,290.39
29.693,4.22,20.00,-15.78,-11.80,-21.76,-12.00,281.99
29.743,4.22,20.00,-15.78,-7.67,-21.76,-12.00,273.59
29.793,4.22,20.00,-15.78,-4.99,-21.76,-12.00,265.19
29.843,4.22,20.00,-15.78,-3.24,-21.76,-8.03,259.57
29.893,4.22,20.00,-15.78,-2.11,-21.76,-7.61,254.24
29.943,4.22,20.00,-15.78,-1.37,-21.76,-7.32,249.12
29.993,4.22,20.00,-15.78,-0.89,-21.76,-6.59,244.50
30.043,4.22,20.00,-15.78,-0.58,-21.76,-6.07,240.25
30.093,6.75,20.00,-13.25,17.33,-21.76,-2.61,238.42
30.143,6.75,20.00,-13.25,11.27,-21.76,-2.61,236.59
30.193,8.02,20.00,-11.98,16.21,-21.76,-2.61,234.77
30.243,6.75,20.00,-13.25,1.65,-21.76,-3.61,232.24
30.293,8.02,20.00,-11.98,9.96,-21.76,-2.61,230.41
30.343,5.49,20.00,-14.51,-11.23,-21.76,-12.00,222.01
30.393,5.49,20.00,-14.51,-7.30,-21.76,-12.00,213.61
30.444,5.49,20.00,-14.51,-4.75,-21.76,-11.72,205.41
30.494,5.49,20.00,-14.51,-3.09,-21.76,-7.76,199.98
30.544,5.47,20.00,-14.53,-2.15,-21.76,-7.61,194.65
30.594,5.47,20.00,-14.53,-1.39,-21.76,-7.37,189.49
30.644,5.47,20.00,-14.53,-0.91,-21.76,-6.62,184.86
30.694,4.22,20.00,-15.78,-9.34,-21.76,-12.00,176.46
30.745,5.47,20.00,-14.53,2.51,-21.76,-3.61,173.93
30.795,5.47,20.00,-14.53,1.63,-21.76,-3.61,171.40
30.845,5.47,20.00,-14.53,1.06,-21.76,-4.07,168.55
30.895,5.47,20.00,-14.53,0.69,-21.76,-4.42,165.54
30.945,4.86,20.00,-15.14,-3.82,-21.76,-9.20,164.64
30.995,4.86,20.00,-15.14,-2.48,-21.76,-7.61,164.37
31.045,4.86,20.00,-15.14,-1.61,-21.76,-7.61,164.28
31.095,4.86,20.00,-15.14,-1.05,-21.76,-6.83,164.26
31.145,4.20,20.00,-15.80,-5.30,-21.76,-12.00,164.25
31.195,4.20,20.00,-15.80,-3.45,-21.76,-8.41,164.25
31.245,4.20,20.00,-15.80,-2.24,-21.76,-7.61,164.25
31.295,4.20,20.00,-15.80,-1.46,-21.76,-7.51,164.25
31.346,4.20,20.00,-15.80,-0.95,-21.76,-6.69,164.25
31.396,4.54,20.00,-15.46,1.76,-21.76,-3.61,164.25
31.447,4.54,20.00,-15.46,1.15,-21.76,-4.00,164.25
31.497,4.54,20.00,-15.46,0.75,-21.76,-4.37,164.25
31.547,4.54,20.00,-15.46,0.48,-21.76,-4.62,164.25
31.597,4.54,20.00,-15.46,0.32,-21.76,-4.75,164.25
31.647,11.71,20.00,-8.29,50.39,-22.13,-1.76,164.25
31.697,12.21,20.00,-7.79,36.26,-22.47,-1.63,164.25
31.747,12.70,20.00,-7.30,27.00,-22.79,-1.53,164.25
31.797,13.04,20.00,-6.96,19.93,-23.09,-1.48,164.25
31.847,13.04,20.00,-6.96,12.95,-23.39,-2.27,164.25
31.897,13.38,20.00,-6.62,10.80,-23.68,-2.57,164.25
31.948,13.38,20.00,-6.62,7.02,-23.97,-2.88,164.25
31.998,13.72,20.00,-6.28,6.94,-24.23,-2.91,164.25
32.048,14.38,20.00,-5.62,9.13,-24.46,-2.81,164.25
32.098,14.38,20.00,-5.62,5.94,-24.69,-2.96,164.25
32.148,14.72,20.00,-5.28,6.24,-24.91,-2.99,164.25
32.199,15.05,20.00,-4.95,6.32,-25.11,-2.96,164.25
32.249,15.06,20.00,-4.94,4.18,-25.31,-2.97,164.25
32.299,15.39,20.00,-4.61,5.03,-25.49,-2.64,164.25
32.349,15.40,20.00,-4.60,3.34,-25.67,-2.95,164.25
32.400,15.40,20.00,-4.60,2.17,-25.85,-3.10,164.25
32.450,15.74,20.00,-4.26,3.79,-26.01,-2.88,164.25
32.500,16.05,20.00,-3.95,4.63,-26.15,-2.55,164.25
32.550,16.06,20.00,-3.94,3.08,-26.30,-3.12,164.25
32.600,16.06,20.00,-3.94,2.00,-26.44,-3.17,164.25
32.650,16.06,20.00,-3.94,1.30,-26.59,-3.44,164.25
32.700,16.06,20.00,-3.94,0.85,-26.73,-3.70,164.25
32.750,16.06,20.00,-3.94,0.55,-26.87,-3.76,164.25
32.800,16.06,20.00,-3.94,0.36,-27.02,-3.86,164.25
32.850,16.06,20.00,-3.94,0.23,-27.16,-3.98,164.25
32.900,15.74,20.00,-4.26,-2.09,-27.32,-5.12,164.25
32.950,15.74,20.00,-4.26,-1.36,-27.47,-4.97,164.25
33.001,15.74,20.00,-4.26,-0.88,-27.64,-4.74,164.25
33.051,15.39,20.00,-4.61,-3.02,-27.81,-5.49,164.25
33.101,15.05,20.00,-4.95,-4.35,-28.00,-7.13,164.25
33.151,14.72,20.00,-5.28,-5.13,-28.21,-8.39,164.25
33.201,14.40,20.00,-5.60,-5.58,-28.43,-8.41,164.25
33.251,14.06,20.00,-5.94,-6.01,-28.67,-8.44,164.25
33.301,14.06,20.00,-5.94,-3.90,-28.91,-6.86,164.25
33.351,13.72,20.00,-6.28,-4.92,-29.17,-8.67,164.25
33.401,13.72,20.00,-6.28,-3.20,-29.42,-6.62,164.25
33.451,13.38,20.00,-6.62,-4.46,-29.69,-8.40,164.25
33.501,13.06,20.00,-6.94,-5.14,-29.98,-9.50,164.25
33.551,13.06,20.00,-6.94,-3.34,-30.27,-7.39,164.25
33.601,12.70,20.00,-7.30,-4.69,-30.57,-9.31,164.25
33.651,12.70,20.00,-7.30,-3.05,-30.87,-6.82,164.25
33.701,12.38,20.00,-7.62,-4.22,-31.19,-9.03,164.25
33.751,12.38,20.00,-7.62,-2.74,-31.51,-6.92,164.25
33.802,12.04,20.00,-7.96,-4.12,-31.85,-9.18,164.25
33.852,12.04,20.00,-7.96,-2.68,-32.19,-7.17,164.25
33.902,11.71,20.00,-8.29,-4.05,-32.53,-9.26,164.25
33.952,11.71,20.00,-8.29,-2.63,-32.88,-7.45,164.25
34.002,11.71,20.00,-8.29,-1.71,-33.23,-7.49,164.25
34.052,11.71,20.00,-8.29,-1.11,-33.58,-6.75,164.25
34.102,11.71,20.00,-8.29,-0.72,-33.92,-6.62,164.25
34.152,11.03,20.00,-8.97,-5.23,-34.30,-12.00,164.25
34.203,10.05,20.00,-9.95,-10.12,-34.74,-12.00,164.25
34.254,10.03,20.00,-9.97,-6.72,-35.18,-12.00,164.25
34.304,10.03,20.00,-9.97,-4.37,-35.61,-12.00,164.25
34.354,10.03,20.00,-9.97,-2.84,-36.03,-9.29,164.25
34.404,10.05,20.00,-9.95,-1.71,-36.46,-9.31,164.25
34.454,10.71,20.00,-9.29,3.51,-36.85,-4.91,164.25
34.504,11.03,20.00,-8.97,4.52,-37.22,-4.65,164.25
34.555,11.03,20.00,-8.97,2.94,-37.61,-5.10,164.25
34.606,11.03,20.00,-8.97,1.91,-37.99,-5.15,164.25
34.657,11.03,20.00,-8.97,1.24,-38.37,-5.64,164.25
34.707,11.03,20.00,-8.97,0.81,-38.74,-5.89,164.25
34.757,18.96,20.00,-1.04,56.03,-38.71,-0.65,164.25
34.807,19.29,20.00,-0.71,38.73,-38.67,-0.64,164.25
34.857,19.30,20.00,-0.70,25.25,-38.63,-0.64,164.25
34.908,19.62,20.00,-0.38,18.61,-38.57,-0.63,164.25
34.958,19.62,20.00,-0.38,12.09,-38.51,-2.18,164.25
35.008,20.25,20.00,0.25,12.27,-38.42,-2.01,164.25
35.058,20.25,20.00,0.25,7.98,-38.33,-3.10,164.25
35.108,21.22,20.00,1.22,11.97,-38.20,-1.49,164.25
35.158,21.23,20.00,1.23,7.85,-38.06,-2.80,164.25
35.209,22.49,20.00,2.49,13.75,-37.85,2.09,165.71
35.259,22.51,20.00,2.51,9.08,-37.65,-0.19,165.58
35.309,22.80,20.00,2.80,7.93,-37.44,-0.49,165.23
35.359,24.55,20.00,4.55,17.41,-37.14,12.00,173.63
35.409,24.84,20.00,4.84,13.34,-36.82,8.55,179.62
35.459,24.84,20.00,4.84,8.67,-36.51,3.84,182.30
35.509,24.85,20.00,4.85,5.71,-36.19,3.26,184.58
35.560,25.45,20.00,5.45,7.83,-35.84,3.70,187.17
35.610,26.59,20.00,6.59,13.07,-35.44,11.14,194.97
35.660,26.89,20.00,6.89,10.59,-35.03,8.21,200.72
35.710,27.18,20.00,7.18,8.92,-34.60,7.10,205.69
35.760,27.18,20.00,7.18,5.80,-34.17,5.99,209.88
35.810,27.76,20.00,7.76,7.83,-33.71,7.34,215.02
35.860,29.22,20.00,9.22,15.31,-33.19,12.00,223.42
35.910,29.22,20.00,9.22,9.95,-32.66,12.00,231.82
35.961,29.22,20.00,9.22,6.47,-32.13,12.00,240.22
36.012,29.75,20.00,9.75,7.84,-31.57,12.00,248.62
36.062,29.75,20.00,9.75,5.10,-31.02,12.00,257.02
36.112,30.28,20.00,10.28,7.02,-31.02,12.00,265.42
36.162,30.79,20.00,10.79,8.13,-31.02,12.00,273.82
36.212,33.15,20.00,13.15,21.81,-31.02,12.00,282.22
36.262,33.66,20.00,13.66,17.74,-31.02,12.00,290.62
36.312,33.68,20.00,13.68,11.67,-31.02,12.00,299.02
36.363,33.68,20.00,13.68,7.59,-31.02,12.00,307.42
36.414,34.46,20.00,14.46,10.29,-31.02,12.00,315.82
36.464,34.46,20.00,14.46,6.69,-31.02,12.00,324.22
36.514,34.46,20.00,14.46,4.35,-31.02,11.22,332.07
36.564,33.68,20.00,13.68,-2.64,-31.02,-2.22,330.51
36.614,33.68,20.00,13.68,-1.71,-31.02,-2.22,328.96
36.664,33.68,20.00,13.68,-1.11,-31.02,-1.52,327.89
36.714,33.68,20.00,13.68,-0.72,-31.02,-0.93,327.24
36.764,33.68,20.00,13.68,-0.47,-31.02,-0.52,326.87
36.814,33.66,20.00,13.66,-0.45,-31.02,-0.49,326.53
36.864,33.68,20.00,13.68,-0.15,-31.02,-0.05,326.50
36.914,33.69,20.00,13.69,-0.03,-31.02,0.21,326.64
36.964,33.93,20.00,13.93,1.66,-31.02,4.28,329.64
37.014,33.93,20.00,13.93,1.08,-31.02,3.10,331.81
37.064,33.93,20.00,13.93,0.70,-31.02,2.15,333.31
37.114,33.69,20.00,13.69,-1.22,-31.02,-1.68,332.14
37.164,33.93,20.00,13.93,0.88,-31.02,2.64,333.98
37.215,34.19,20.00,14.19,2.36,-31.02,4.28,336.98
37.265,34.20,20.00,14.20,1.60,-31.02,4.28,339.97
37.315,34.46,20.00,14.46,2.86,-31.02,4.28,342.97
37.365,34.46,20.00,14.46,1.86,-31.02,4.28,345.96
37.415,34.73,20.00,14.73,3.10,-31.02,4.68,349.24
37.465,34.73,20.00,14.73,2.01,-31.02,4.28,352.23
37.515,34.73,20.00,14.73,1.31,-31.02,3.64,354.78
37.565,34.73,20.00,14.73,0.85,-31.02,2.55,356.56
37.615,34.73,20.00,14.73,0.55,-31.02,1.75,357.79
37.665,34.73,20.00,14.73,0.36,-31.02,1.34,358.73
37.715,34.46,20.00,14.46,-1.66,-31.02,-2.22,357.17
37.765,34.46,20.00,14.46,-1.08,-31.02,-1.48,356.14
37.816,34.46,20.00,14.46,-0.70,-31.02,-0.89,355.51
37.866,34.46,20.00,14.46,-0.45,-31.02,-0.50,355.16
37.916,34.46,20.00,14.46,-0.30,-31.02,-0.29,354.96
37.966,34.19,20.00,14.19,-2.08,-31.02,-2.22,353.40
38.016,34.19,20.00,14.19,-1.35,-31.02,-1.90,352.07
38.066,34.19,20.00,14.19,-0.88,-31.02,-1.19,351.24
38.116,34.20,20.00,14.20,-0.50,-31.02,-0.56,350.85
38.166,34.19,20.00,14.19,-0.40,-31.02,-0.43,350.55
38.216,34.19,20.00,14.19,-0.26,-31.02,-0.23,350.38
38.267,33.93,20.00,13.93,-1.95,-31.02,-2.22,348.83
38.317,33.93,20.00,13.93,-1.27,-31.02,-1.75,347.60
38.367,33.68,20.00,13.68,-2.57,-31.02,-2.22,346.04
38.417,33.68,20.00,13.68,-1.67,-31.02,-2.22,344.49
38.467,33.68,20.00,13.68,-1.09,-31.02,-1.49,343.44
38.518,33.68,20.00,13.68,-0.71,-31.02,-0.90,342.81
38.568,34.44,20.00,14.44,4.86,-31.02,12.00,351.21
38.619,34.44,20.00,14.44,3.16,-31.02,4.93,354.67
38.669,34.44,20.00,14.44,2.05,-31.02,4.28,357.66
38.719,34.44,20.00,14.44,1.33,-31.02,3.71,360.26
38.769,34.44,20.00,14.44,0.87,-31.02,2.59,362.07
38.819,34.44,20.00,14.44,0.56,-31.02,1.78,363.32
38.870,34.44,20.00,14.44,0.37,-31.02,1.35,364.27
38.920,34.44,20.00,14.44,0.24,-31.02,1.05,365.00
38.970,34.44,20.00,14.44,0.15,-31.02,0.81,365.57
39.020,34.71,20.00,14.71,1.99,-31.02,4.28,368.57
39.070,34.73,20.00,14.73,1.43,-31.02,4.03,371.39
39.120,34.97,20.00,14.97,2.61,-31.02,4.28,374.38
39.170,34.73,20.00,14.73,0.02,-31.02,0.35,374.62
39.220,34.73,20.00,14.73,0.01,-31.02,0.32,374.85
39.270,34.46,20.00,14.46,-1.88,-31.02,-2.22,373.30
39.320,34.46,20.00,14.46,-1.22,-31.02,-1.68,372.12
39.370,34.44,20.00,14.44,-0.94,-31.02,-1.28,371.22
39.420,34.44,20.00,14.44,-0.61,-31.02,-0.74,370.71
39.470,34.44,20.00,14.44,-0.40,-31.02,-0.43,370.41
39.520,34.44,20.00,14.44,-0.26,-31.02,-0.23,370.24
39.570,34.44,20.00,14.44,-0.17,-31.02,-0.08,370.19
