tiempo,distancia,setpoint,error,derivada,integral,delta_pwm,pwm
91.762,18.16,15.00,3.16,4.42,-2.47,0.94,308.98
91.783,18.16,15.00,3.16,2.65,-2.40,0.71,309.69
91.802,17.51,15.00,2.51,-12.09,-2.34,-0.94,308.76
91.822,17.51,15.00,2.51,-7.26,-2.29,-0.57,308.18
91.841,17.51,15.00,2.51,-4.35,-2.24,-0.19,308.00
91.861,17.20,15.00,2.20,-8.81,-2.19,-0.80,307.19
91.881,17.20,15.00,2.20,-5.29,-2.14,-0.21,306.98
91.900,16.56,15.00,1.56,-16.65,-2.11,-1.33,305.65
91.920,16.56,15.00,1.56,-9.99,-2.07,-0.97,304.68
91.939,16.56,15.00,1.56,-5.99,-2.04,-0.18,304.50
91.959,16.86,15.00,1.86,2.40,-2.00,0.23,304.73
91.978,16.88,15.00,1.88,1.86,-1.96,0.26,304.99
91.998,16.88,15.00,1.88,1.12,-1.91,0.28,305.27
92.017,16.88,15.00,1.88,0.67,-1.88,0.22,305.49
92.042,17.19,15.00,2.19,5.36,-1.82,0.68,306.17
92.062,16.88,15.00,1.88,-2.98,-1.78,0.03,306.20
92.081,16.88,15.00,1.88,-1.79,-1.74,0.04,306.23
92.101,17.19,15.00,2.19,5.13,-1.69,0.65,306.89
92.120,17.19,15.00,2.19,3.08,-1.64,0.37,307.26
92.140,17.19,15.00,2.19,1.85,-1.60,0.43,307.68
92.159,16.86,15.00,1.86,-5.84,-1.56,-0.17,307.52
92.179,16.86,15.00,1.86,-3.50,-1.52,0.00,307.52
92.199,17.19,15.00,2.19,4.50,-1.47,0.57,308.09
92.218,17.51,15.00,2.51,9.44,-1.42,1.43,309.51
92.238,17.51,15.00,2.51,5.66,-1.37,0.86,310.38
92.258,17.51,15.00,2.51,3.40,-1.32,0.54,310.92
92.277,17.19,15.00,2.19,-4.70,-1.27,-0.11,310.81
92.297,17.19,15.00,2.19,-2.82,-1.23,0.07,310.88
92.317,16.88,15.00,1.88,-7.89,-1.19,-0.43,310.45
92.337,16.58,15.00,1.58,-10.73,-1.15,-0.91,309.55
92.357,16.58,15.00,1.58,-6.44,-1.12,-0.22,309.33
92.376,16.58,15.00,1.58,-3.86,-1.09,-0.08,309.25
92.396,16.58,15.00,1.58,-2.32,-1.05,-0.02,309.23
92.416,16.58,15.00,1.58,-1.39,-1.02,0.00,309.23
92.436,16.56,15.00,1.56,-1.23,-0.98,0.03,309.26
92.455,16.24,15.00,1.24,-7.48,-0.96,-0.34,308.92
92.475,16.24,15.00,1.24,-4.49,-0.93,-0.14,308.78
92.496,15.93,15.00,0.93,-8.60,-0.91,-0.58,308.19
92.515,15.93,15.00,0.93,-5.16,-0.89,-0.20,308.00
92.535,16.24,15.00,1.24,3.11,-0.87,-0.11,307.89
92.554,16.24,15.00,1.24,1.86,-0.84,-0.14,307.74
92.574,15.91,15.00,0.91,-5.48,-0.82,-0.22,307.52
92.594,15.61,15.00,0.61,-9.29,-0.81,-0.76,306.75
92.614,15.59,15.00,0.59,-5.97,-0.79,-0.30,306.46
92.633,15.59,15.00,0.59,-3.58,-0.78,-0.18,306.28
92.653,15.25,15.00,0.25,-8.95,-0.77,-0.76,305.52
92.673,14.91,15.00,-0.09,-12.17,-0.77,-1.19,304.33
92.693,14.59,15.00,-0.41,-13.70,-0.78,-1.33,303.00
92.712,14.59,15.00,-0.41,-8.22,-0.79,-0.73,302.27
92.731,14.25,15.00,-0.75,-12.09,-0.80,-1.28,300.99
92.751,14.25,15.00,-0.75,-7.25,-0.81,-0.59,300.39
92.771,14.25,15.00,-0.75,-4.35,-0.83,-0.28,300.11
92.791,14.25,15.00,-0.75,-2.61,-0.84,-0.23,299.89
92.810,13.92,15.00,-1.08,-8.51,-0.86,-0.90,298.98
92.830,13.92,15.00,-1.08,-5.11,-0.88,-0.36,298.62
92.850,13.92,15.00,-1.08,-3.07,-0.90,-0.28,298.34
92.869,13.58,15.00,-1.42,-9.00,-0.92,-1.06,297.28
92.889,13.26,15.00,-1.74,-11.80,-0.96,-1.41,295.87
92.908,12.94,15.00,-2.06,-13.82,-0.99,-1.58,294.29
92.927,12.92,15.00,-2.08,-8.71,-1.03,-1.12,293.17
92.947,12.92,15.00,-2.08,-5.23,-1.07,-0.53,292.63
92.966,12.92,15.00,-2.08,-3.14,-1.11,-0.34,292.29
92.985,12.60,15.00,-2.40,-8.62,-1.15,-1.17,291.12
93.005,12.60,15.00,-2.40,-5.17,-1.20,-0.61,290.51
93.025,12.60,15.00,-2.40,-3.10,-1.24,-0.36,290.15
93.044,12.26,15.00,-2.74,-9.02,-1.29,-1.27,288.88
93.063,12.26,15.00,-2.74,-5.41,-1.34,-0.74,288.14
93.083,11.93,15.00,-3.07,-9.85,-1.40,-1.37,286.77
93.102,11.93,15.00,-3.07,-5.91,-1.45,-0.91,285.87
93.123,11.93,15.00,-3.07,-3.54,-1.52,-0.53,285.33
93.142,11.92,15.00,-3.08,-2.34,-1.57,-0.40,284.93
93.161,11.93,15.00,-3.07,-1.19,-1.63,-0.35,284.59
93.180,11.93,15.00,-3.07,-0.72,-1.68,-0.30,284.28
93.200,11.93,15.00,-3.07,-0.43,-1.74,-0.28,284.01
93.219,11.93,15.00,-3.07,-0.26,-1.79,-0.26,283.74
93.238,11.59,15.00,-3.41,-7.31,-1.86,-1.28,282.46
93.257,11.59,15.00,-3.41,-4.39,-1.92,-0.81,281.65
93.276,11.59,15.00,-3.41,-2.63,-1.98,-0.53,281.12
93.296,11.59,15.00,-3.41,-1.58,-2.04,-0.43,280.68
93.315,11.27,15.00,-3.73,-7.68,-2.11,-1.51,279.17
93.334,11.27,15.00,-3.73,-4.61,-2.17,-1.00,278.17
93.354,11.59,15.00,-3.41,3.63,-2.24,0.16,278.33
93.374,11.59,15.00,-3.41,2.18,-2.30,0.13,278.46
93.393,11.27,15.00,-3.73,-5.43,-2.37,-1.18,277.28
93.412,11.27,15.00,-3.73,-3.26,-2.43,-0.82,276.46
93.432,11.27,15.00,-3.73,-1.95,-2.50,-0.61,275.84
93.451,11.27,15.00,-3.73,-1.17,-2.57,-0.52,275.32
93.471,10.93,15.00,-4.07,-7.50,-2.65,-1.71,275.00
93.490,10.61,15.00,-4.39,-11.24,-2.64,-2.46,275.00
93.510,10.61,15.00,-4.39,-6.74,-2.63,-1.70,275.00
93.529,10.61,15.00,-4.39,-4.05,-2.63,-1.24,275.00
93.548,10.61,15.00,-4.39,-2.43,-2.62,-0.96,275.00
93.568,10.61,15.00,-4.39,-1.46,-2.62,-0.79,275.00
93.587,10.61,15.00,-4.39,-0.87,-2.61,-0.68,275.00
93.606,11.27,15.00,-3.73,13.37,-2.61,0.79,275.79
93.625,11.27,15.00,-3.73,8.02,-2.67,0.40,276.20
93.645,11.27,15.00,-3.73,4.81,-2.74,0.18,276.38
93.664,11.27,15.00,-3.73,2.89,-2.81,0.09,276.47
93.683,11.27,15.00,-3.73,1.73,-2.87,0.17,276.64
93.702,11.27,15.00,-3.73,1.04,-2.94,-0.04,276.60
93.721,11.27,15.00,-3.73,0.62,-3.00,-0.18,276.42
93.741,9.95,15.00,-5.05,-26.03,-3.10,-4.78,275.00
93.760,9.95,15.00,-5.05,-15.62,-3.09,-3.62,275.00
93.779,9.95,15.00,-5.05,-9.37,-3.09,-2.48,275.00
93.798,9.95,15.00,-5.05,-5.62,-3.08,-1.84,275.00
93.818,9.95,15.00,-5.05,-3.37,-3.07,-1.45,275.00
93.837,9.95,15.00,-5.05,-2.02,-3.07,-1.22,275.00
93.856,9.95,15.00,-5.05,-1.21,-3.06,-1.08,275.00
93.875,9.95,15.00,-5.05,-0.73,-3.05,-1.00,275.00
93.894,9.95,15.00,-5.05,-0.44,-3.05,-0.84,275.00
93.914,9.95,15.00,-5.05,-0.26,-3.04,-0.72,275.00
93.933,9.93,15.00,-5.07,-0.58,-3.04,-0.93,275.00
93.952,9.93,15.00,-5.07,-0.35,-3.03,-0.77,275.00
93.971,9.27,15.00,-5.73,-14.10,-3.02,-3.56,275.00
93.995,9.27,15.00,-5.73,-8.46,-3.02,-2.56,275.00
94.014,9.27,15.00,-5.73,-5.08,-3.01,-1.98,275.00
94.033,9.27,15.00,-5.73,-3.05,-3.01,-1.63,275.00
94.053,9.27,15.00,-5.73,-1.83,-3.00,-1.43,275.00
94.072,9.27,15.00,-5.73,-1.10,-2.99,-1.30,275.00
94.092,9.28,15.00,-5.72,-0.46,-2.99,-0.93,275.00
94.111,9.61,15.00,-5.39,6.67,-2.98,-0.02,275.00
94.130,9.61,15.00,-5.39,4.00,-2.98,-0.02,275.00
94.150,9.61,15.00,-5.39,2.40,-2.97,-0.03,275.00
94.169,9.61,15.00,-5.39,1.44,-2.96,-0.02,275.00
94.189,9.28,15.00,-5.72,-5.74,-2.96,-2.08,275.00
94.208,9.28,15.00,-5.72,-3.44,-2.95,-1.69,275.00
94.227,9.28,15.00,-5.72,-2.06,-2.95,-1.45,275.00
94.246,9.27,15.00,-5.73,-1.45,-2.94,-1.35,275.00
94.266,9.28,15.00,-5.72,-0.67,-2.93,-1.06,275.00
94.285,9.28,15.00,-5.72,-0.40,-2.93,-0.88,275.00
94.304,9.28,15.00,-5.72,-0.24,-2.92,-0.77,275.00
94.324,9.95,15.00,-5.05,13.26,-2.92,0.45,275.45
94.344,10.61,15.00,-4.39,21.15,-3.00,1.02,276.46
94.364,10.93,15.00,-4.07,19.09,-3.07,0.98,277.44
94.383,10.93,15.00,-4.07,11.46,-3.15,0.54,277.97
94.403,10.93,15.00,-4.07,6.87,-3.22,0.23,278.21
94.422,10.93,15.00,-4.07,4.12,-3.29,0.04,278.24
94.442,9.95,15.00,-5.05,-17.13,-3.39,-3.96,275.00
94.461,9.95,15.00,-5.05,-10.28,-3.38,-2.69,275.00
94.480,9.95,15.00,-5.05,-6.17,-3.37,-1.99,275.00
94.500,9.95,15.00,-5.05,-3.70,-3.36,-1.57,275.00
94.520,9.95,15.00,-5.05,-2.22,-3.36,-1.31,275.00
94.540,9.95,15.00,-5.05,-1.33,-3.35,-1.16,275.00
94.559,9.95,15.00,-5.05,-0.80,-3.34,-1.07,275.00
94.578,9.95,15.00,-5.05,-0.48,-3.34,-0.93,275.00
94.598,9.95,15.00,-5.05,-0.29,-3.33,-0.80,275.00
94.618,9.95,15.00,-5.05,-0.17,-3.32,-0.72,275.00
94.637,9.95,15.00,-5.05,-0.10,-3.32,-0.68,275.00
94.656,9.95,15.00,-5.05,-0.06,-3.31,-0.66,275.00
94.676,9.95,15.00,-5.05,-0.04,-3.30,-0.65,275.00
94.695,9.95,15.00,-5.05,-0.02,-3.30,-0.64,275.00
94.715,9.93,15.00,-5.07,-0.41,-3.29,-0.88,275.00
94.734,9.93,15.00,-5.07,-0.25,-3.29,-0.77,275.00
94.753,9.93,15.00,-5.07,-0.15,-3.28,-0.70,275.00
94.773,10.61,15.00,-4.39,13.51,-3.27,0.59,275.59
94.793,10.61,15.00,-4.39,8.11,-3.35,0.17,275.76
94.812,10.61,15.00,-4.39,4.86,-3.43,0.09,275.85
94.831,10.61,15.00,-4.39,2.92,-3.51,-0.00,275.84
94.851,10.61,15.00,-4.39,1.75,-3.59,0.07,275.91
94.870,10.61,15.00,-4.39,1.05,-3.66,-0.17,275.74
94.890,10.93,15.00,-4.07,7.03,-3.74,0.16,275.91
94.909,10.93,15.00,-4.07,4.22,-3.81,-0.03,275.88
94.929,10.93,15.00,-4.07,2.53,-3.88,-0.00,275.87
94.948,10.95,15.00,-4.05,1.94,-3.95,0.05,275.92
94.969,10.95,15.00,-4.05,1.16,-4.03,-0.17,275.75
94.989,10.95,15.00,-4.05,0.70,-4.10,-0.37,275.38
95.009,10.93,15.00,-4.07,0.02,-4.17,-0.68,275.00
95.028,9.28,15.00,-5.72,-34.73,-4.16,-6.04,275.00
95.047,9.27,15.00,-5.73,-21.05,-4.16,-5.06,275.00
95.067,9.27,15.00,-5.73,-12.63,-4.15,-3.49,275.00
95.086,9.27,15.00,-5.73,-7.58,-4.14,-2.63,275.00
95.106,9.27,15.00,-5.73,-4.55,-4.13,-2.11,275.00
95.125,9.28,15.00,-5.72,-2.52,-4.12,-1.76,275.00
95.145,10.61,15.00,-4.39,25.09,-4.11,1.12,276.12
95.165,10.61,15.00,-4.39,15.05,-4.19,0.58,276.71
95.185,10.61,15.00,-4.39,9.03,-4.27,0.06,276.77
95.204,10.61,15.00,-4.39,5.42,-4.35,-0.06,276.72
95.223,10.61,15.00,-4.39,3.25,-4.42,-0.11,276.60
95.243,10.61,15.00,-4.39,1.95,-4.50,0.00,276.60
95.263,10.61,15.00,-4.39,1.17,-4.58,-0.23,276.37
95.282,10.27,15.00,-4.73,-6.46,-4.66,-2.17,275.00
95.301,10.27,15.00,-4.73,-3.87,-4.65,-1.73,275.00
95.321,10.27,15.00,-4.73,-2.32,-4.64,-1.47,275.00
95.341,10.27,15.00,-4.73,-1.39,-4.63,-1.25,275.00
95.360,9.95,15.00,-5.05,-7.57,-4.62,-2.48,275.00
95.379,9.95,15.00,-5.05,-4.54,-4.61,-1.96,275.00
95.398,9.95,15.00,-5.05,-2.73,-4.60,-1.65,275.00
95.418,10.95,15.00,-4.05,18.36,-4.59,0.80,275.80
95.437,10.95,15.00,-4.05,11.02,-4.66,0.28,276.08
95.456,10.95,15.00,-4.05,6.61,-4.73,-0.03,276.05
95.475,10.61,15.00,-4.39,-3.19,-4.80,-1.52,275.00
95.494,10.95,15.00,-4.05,5.24,-4.79,-0.10,275.00
95.514,10.95,15.00,-4.05,3.15,-4.78,-0.12,275.00
95.533,10.95,15.00,-4.05,1.89,-4.77,-0.00,275.00
95.553,11.93,15.00,-3.07,20.73,-4.77,1.15,276.15
95.572,12.26,15.00,-2.74,19.39,-4.81,1.15,277.30
95.593,12.27,15.00,-2.73,11.82,-4.86,0.68,277.97
95.612,12.27,15.00,-2.73,7.09,-4.90,0.14,278.11
95.631,12.27,15.00,-2.73,4.26,-4.94,0.00,278.12
95.650,12.60,15.00,-2.40,9.50,-4.97,0.35,278.46
95.670,12.92,15.00,-2.08,12.10,-5.01,0.85,279.32
95.690,12.92,15.00,-2.08,7.26,-5.04,0.24,279.56
95.710,12.92,15.00,-2.08,4.36,-5.07,0.09,279.65
95.729,12.92,15.00,-2.08,2.61,-5.10,-0.04,279.61
95.748,12.92,15.00,-2.08,1.57,-5.13,-0.37,279.24
95.768,13.26,15.00,-1.74,7.74,-5.15,0.30,279.54
95.787,12.92,15.00,-2.08,-2.51,-5.18,-0.85,278.68
95.806,12.60,15.00,-2.40,-8.24,-5.22,-1.76,276.92
95.825,11.61,15.00,-3.39,-25.79,-5.27,-3.26,275.00
95.845,11.27,15.00,-3.73,-22.27,-5.26,-3.38,275.00
95.865,11.27,15.00,-3.73,-13.36,-5.25,-2.77,275.00
95.884,11.27,15.00,-3.73,-8.02,-5.24,-2.16,275.00
95.904,11.27,15.00,-3.73,-4.81,-5.23,-1.64,275.00
95.923,11.27,15.00,-3.73,-2.89,-5.22,-1.31,275.00
95.947,11.27,15.00,-3.73,-1.73,-5.21,-1.06,275.00
95.966,11.25,15.00,-3.75,-1.46,-5.20,-1.01,275.00
95.986,10.95,15.00,-4.05,-6.88,-5.19,-2.10,275.00
96.005,10.95,15.00,-4.05,-4.13,-5.18,-1.63,275.00
96.024,10.95,15.00,-4.05,-2.48,-5.17,-1.34,275.00
96.044,10.93,15.00,-4.07,-1.89,-5.16,-1.21,275.00
96.063,10.93,15.00,-4.07,-1.13,-5.15,-1.03,275.00
96.082,10.93,15.00,-4.07,-0.68,-5.14,-0.93,275.00
96.101,10.93,15.00,-4.07,-0.41,-5.12,-0.86,275.00
96.121,11.92,15.00,-3.08,19.56,-5.11,1.05,276.05
96.141,11.92,15.00,-3.08,11.73,-5.17,0.53,276.58
96.160,11.92,15.00,-3.08,7.04,-5.21,0.09,276.67
96.180,11.92,15.00,-3.08,4.22,-5.27,-0.09,276.58
96.199,11.92,15.00,-3.08,2.53,-5.31,-0.07,276.51
96.219,11.92,15.00,-3.08,1.52,-5.36,-0.33,276.18
96.239,11.92,15.00,-3.08,0.91,-5.41,-0.58,275.60
96.258,11.92,15.00,-3.08,0.55,-5.46,-0.71,275.00
96.277,11.92,15.00,-3.08,0.33,-5.45,-0.73,275.00
96.296,10.93,15.00,-4.07,-20.65,-5.44,-3.64,275.00
96.316,10.93,15.00,-4.07,-12.39,-5.43,-2.97,275.00
96.335,10.93,15.00,-4.07,-7.43,-5.42,-2.25,275.00
96.354,10.93,15.00,-4.07,-4.46,-5.41,-1.74,275.00
96.373,10.93,15.00,-4.07,-2.68,-5.40,-1.42,275.00
96.393,10.93,15.00,-4.07,-1.61,-5.39,-1.17,275.00
96.412,10.93,15.00,-4.07,-0.96,-5.38,-1.02,275.00
96.432,11.27,15.00,-3.73,6.22,-5.36,-0.05,275.00
96.451,11.27,15.00,-3.73,3.73,-5.35,-0.20,275.00
96.470,11.27,15.00,-3.73,2.24,-5.34,-0.06,275.00
96.491,12.26,15.00,-2.74,20.20,-5.33,1.15,276.15
96.510,11.27,15.00,-3.73,-8.72,-5.39,-2.28,275.00
96.529,11.27,15.00,-3.73,-5.23,-5.38,-1.74,275.00
96.548,11.27,15.00,-3.73,-3.14,-5.37,-1.38,275.00
96.568,11.27,15.00,-3.73,-1.88,-5.36,-1.12,275.00
96.587,11.27,15.00,-3.73,-1.13,-5.35,-0.95,275.00
96.606,11.27,15.00,-3.73,-0.68,-5.34,-0.86,275.00
96.625,11.27,15.00,-3.73,-0.41,-5.33,-0.81,275.00
96.645,11.27,15.00,-3.73,-0.24,-5.32,-0.80,275.00
96.665,12.27,15.00,-2.73,19.85,-5.31,1.13,276.13
96.685,12.60,15.00,-2.40,18.51,-5.34,1.13,277.27
96.704,12.60,15.00,-2.40,11.11,-5.38,0.61,277.87
96.723,12.92,15.00,-2.08,13.40,-5.41,0.92,278.79
96.743,12.92,15.00,-2.08,8.04,-5.44,0.25,279.04
96.762,12.92,15.00,-2.08,4.82,-5.47,0.09,279.13
96.781,12.92,15.00,-2.08,2.89,-5.50,-0.08,279.05
96.801,12.92,15.00,-2.08,1.74,-5.53,-0.37,278.69
96.820,12.60,15.00,-2.40,-5.69,-5.56,-1.44,277.24
96.840,12.60,15.00,-2.40,-3.42,-5.60,-1.12,276.12
96.859,12.60,15.00,-2.40,-2.05,-5.63,-0.92,275.20
96.879,12.58,15.00,-2.42,-1.63,-5.67,-0.86,275.00
96.898,11.59,15.00,-3.41,-21.82,-5.66,-3.04,275.00
96.919,10.93,15.00,-4.07,-25.66,-5.65,-4.02,275.00
96.938,10.93,15.00,-4.07,-15.40,-5.63,-3.29,275.00
96.957,10.93,15.00,-4.07,-9.24,-5.62,-2.54,275.00
96.976,10.93,15.00,-4.07,-5.54,-5.61,-1.97,275.00
96.995,10.93,15.00,-4.07,-3.33,-5.60,-1.59,275.00
97.015,10.93,15.00,-4.07,-2.00,-5.59,-1.29,275.00
97.034,10.93,15.00,-4.07,-1.20,-5.58,-1.10,275.00
97.053,10.93,15.00,-4.07,-0.72,-5.57,-0.99,275.00
97.073,10.61,15.00,-4.39,-6.83,-5.56,-2.29,275.00
97.093,10.61,15.00,-4.39,-4.10,-5.55,-1.82,275.00
97.112,10.61,15.00,-4.39,-2.46,-5.53,-1.49,275.00
97.131,10.61,15.00,-4.39,-1.48,-5.52,-1.27,275.00
97.151,10.93,15.00,-4.07,5.51,-5.51,-0.16,275.00
97.170,10.61,15.00,-4.39,-3.43,-5.50,-1.70,275.00
97.190,10.61,15.00,-4.39,-2.06,-5.49,-1.40,275.00
97.209,10.61,15.00,-4.39,-1.23,-5.48,-1.21,275.00
97.229,10.93,15.00,-4.07,5.66,-5.47,-0.14,275.00
97.248,11.25,15.00,-3.75,10.13,-5.46,0.02,275.02
97.269,11.25,15.00,-3.75,6.08,-5.52,-0.07,275.00
97.288,11.27,15.00,-3.73,4.07,-5.51,-0.23,275.00
97.307,11.61,15.00,-3.39,9.60,-5.50,0.06,275.06
97.327,12.92,15.00,-2.08,31.96,-5.53,1.91,276.97
97.346,12.92,15.00,-2.08,19.18,-5.56,1.23,278.19
97.366,12.92,15.00,-2.08,11.51,-5.59,0.69,278.89
97.386,12.92,15.00,-2.08,6.90,-5.62,0.21,279.10
97.405,12.92,15.00,-2.08,4.14,-5.65,0.01,279.11
97.424,12.92,15.00,-2.08,2.49,-5.68,-0.09,279.02
97.444,12.92,15.00,-2.08,1.49,-5.71,-0.49,278.53
97.464,12.27,15.00,-2.73,-12.11,-5.75,-2.13,276.39
97.483,11.93,15.00,-3.07,-14.42,-5.80,-2.28,275.00
97.502,10.95,15.00,-4.05,-29.28,-5.79,-4.27,275.00
97.522,10.95,15.00,-4.05,-17.57,-5.78,-3.43,275.00
97.542,10.93,15.00,-4.07,-10.94,-5.76,-2.81,275.00
97.561,10.93,15.00,-4.07,-6.57,-5.75,-2.16,275.00
97.580,10.93,15.00,-4.07,-3.94,-5.74,-1.72,275.00
97.600,10.95,15.00,-4.05,-1.96,-5.73,-1.29,275.00
