tiempo,distancia,setpoint,error,pwm,accion,recompensa,epsilon
119.916,10.50,15.00,-4.50,490,3,-7.43,0.00
120.153,9.64,15.00,-5.36,330,1,-9.29,0.00
120.389,6.91,15.00,-8.09,275,0,-13.74,0.00
120.626,5.56,15.00,-9.44,275,0,-12.49,0.00
120.863,5.97,15.00,-9.03,275,0,-14.02,0.00
121.100,5.76,15.00,-9.24,275,0,-13.11,0.00
121.338,6.83,15.00,-8.17,275,0,-11.41,0.00
121.577,7.95,15.00,-7.05,275,0,-8.96,0.00
121.816,9.44,15.00,-5.56,330,1,-7.92,0.00
122.054,11.66,15.00,-3.34,490,3,-4.95,0.00
122.292,11.49,15.00,-3.51,490,3,-6.52,0.00
122.529,9.27,15.00,-5.73,330,1,-10.31,0.00
122.767,7.50,15.00,-7.50,275,0,-10.33,0.00
123.004,8.63,15.00,-6.37,330,1,-10.60,0.00
123.241,7.87,15.00,-7.13,275,0,-12.28,0.00
123.477,5.91,15.00,-9.09,275,0,-14.47,0.00
123.714,5.05,15.00,-9.95,275,0,-14.58,0.00
123.952,5.93,15.00,-9.07,275,0,-11.98,0.00
124.189,7.14,15.00,-7.86,275,0,-11.34,0.00
124.427,7.52,15.00,-7.48,275,0,-11.13,0.00
124.664,7.75,15.00,-7.25,275,0,-10.70,0.00
124.902,8.30,15.00,-6.70,330,1,-9.87,0.00
125.140,8.51,15.00,-6.49,330,1,-9.65,0.00
125.377,8.23,15.00,-6.77,330,1,-10.51,0.00
125.615,7.74,15.00,-7.26,275,0,-11.41,0.00
125.851,6.65,15.00,-8.35,275,0,-13.57,0.00
126.088,5.63,15.00,-9.37,275,0,-14.38,0.00
126.325,5.18,15.00,-9.82,275,0,-25.00,0.00
126.561,4.92,15.00,-10.08,275,0,-25.00,0.00
126.798,5.53,15.00,-9.47,275,0,-13.61,0.00
127.036,6.38,15.00,-8.62,275,0,-12.01,0.00
127.274,7.59,15.00,-7.41,275,0,-9.98,0.00
127.513,9.77,15.00,-5.23,330,1,-6.11,0.00
127.751,11.53,15.00,-3.47,490,3,0.50,0.00
127.990,12.51,15.00,-2.49,330,1,0.50,0.00
128.227,11.16,15.00,-3.84,490,3,-7.82,0.00
128.466,9.08,15.00,-5.92,330,1,-10.26,0.00
128.703,7.18,15.00,-7.82,275,0,-12.75,0.00
128.940,5.85,15.00,-9.15,275,0,-11.56,0.00
129.177,6.19,15.00,-8.81,275,0,-14.05,0.00
129.413,5.50,15.00,-9.50,275,0,-14.28,0.00
129.651,6.36,15.00,-8.64,275,0,-12.72,0.00
129.888,7.01,15.00,-7.99,275,0,-11.92,0.00
130.125,6.58,15.00,-8.42,275,0,-12.37,0.00
130.362,6.87,15.00,-8.13,275,0,-12.32,0.00
130.600,6.89,15.00,-8.11,275,0,-12.17,0.00
130.837,7.05,15.00,-7.95,275,0,-11.76,0.00
131.075,7.49,15.00,-7.51,275,0,-10.97,0.00
131.312,7.62,15.00,-7.38,275,0,-11.03,0.00
131.550,7.88,15.00,-7.12,275,0,-10.56,0.00
131.788,8.18,15.00,-6.82,330,1,-9.61,0.00
132.026,8.96,15.00,-6.04,330,1,-8.41,0.00
132.264,9.61,15.00,-5.39,330,1,-8.11,0.00
132.501,9.41,15.00,-5.59,330,1,-8.82,0.00
132.739,8.91,15.00,-6.09,330,1,-9.92,0.00
132.976,8.10,15.00,-6.90,330,1,-11.54,0.00
133.213,7.81,15.00,-7.19,275,0,-11.84,0.00
133.450,6.19,15.00,-8.81,275,0,-13.80,0.00
133.687,5.95,15.00,-9.05,275,0,-14.87,0.00
133.923,4.86,15.00,-10.14,275,0,-25.00,0.00
134.161,5.61,15.00,-9.39,275,0,-13.09,0.00
134.398,7.09,15.00,-7.91,275,0,-10.75,0.00
134.637,10.42,15.00,-4.58,490,3,-7.51,0.00
134.874,9.47,15.00,-5.53,330,1,-8.92,0.00
135.113,9.03,15.00,-5.97,330,1,-8.84,0.00
135.350,8.35,15.00,-6.65,330,1,-12.16,0.00
135.587,6.72,15.00,-8.28,275,0,-13.37,0.00
135.823,5.31,15.00,-9.69,275,0,-25.00,0.00
136.060,5.15,15.00,-9.85,275,0,-13.74,0.00
136.298,6.23,15.00,-8.77,275,0,-12.61,0.00
136.535,7.56,15.00,-7.44,275,0,-10.64,0.00
136.773,8.49,15.00,-6.51,330,1,-9.03,0.00
137.011,9.15,15.00,-5.85,330,1,-8.47,0.00
137.249,9.25,15.00,-5.75,330,1,-8.87,0.00
137.486,8.68,15.00,-6.32,330,1,-10.68,0.00
137.723,6.82,15.00,-8.18,275,0,-11.17,0.00
137.960,7.18,15.00,-7.82,275,0,-11.04,0.00
138.198,7.32,15.00,-7.68,275,0,-10.51,0.00
138.434,6.59,15.00,-8.41,275,0,-13.88,0.00
138.671,5.49,15.00,-9.51,275,0,-12.43,0.00
138.909,7.31,15.00,-7.69,275,0,-10.52,0.00
139.147,8.54,15.00,-6.46,330,1,-9.49,0.00
139.385,8.94,15.00,-6.06,330,1,-8.53,0.00
139.623,9.16,15.00,-5.84,330,1,-9.41,0.00
139.859,7.92,15.00,-7.08,275,0,-12.24,0.00
140.096,6.09,15.00,-8.91,275,0,-14.27,0.00
140.333,4.84,15.00,-10.16,275,0,-25.00,0.00
140.570,5.26,15.00,-9.74,275,0,-12.94,0.00
140.807,6.86,15.00,-8.14,275,0,-11.25,0.00
141.046,8.45,15.00,-6.55,330,1,-8.19,0.00
141.284,10.60,15.00,-4.40,490,3,-5.47,0.00
141.522,10.98,15.00,-4.02,490,3,-7.17,0.00
141.759,8.45,15.00,-6.55,330,1,-11.80,0.00
141.998,7.23,15.00,-7.77,275,0,-13.34,0.00
142.234,5.32,15.00,-9.68,275,0,-13.24,0.00
142.471,5.63,15.00,-9.37,275,0,-14.26,0.00
142.707,4.69,15.00,-10.31,275,0,-25.00,0.00
142.944,4.95,15.00,-10.05,275,0,-13.96,0.00
143.182,6.43,15.00,-8.57,275,0,-11.84,0.00
143.420,7.50,15.00,-7.50,275,0,-10.58,0.00
143.716,8.18,15.00,-6.82,330,1,-9.48,0.00
143.954,9.03,15.00,-5.97,330,1,-8.72,0.00
144.192,10.95,15.00,-4.05,490,3,0.50,0.00
144.430,11.31,15.00,-3.69,490,3,-7.28,0.00
144.667,8.49,15.00,-6.51,330,1,-10.25,0.00
144.904,7.18,15.00,-7.82,275,0,-11.60,0.00
145.140,6.31,15.00,-8.69,275,0,-14.38,0.00
145.377,5.17,15.00,-9.83,275,0,-14.86,0.00
145.614,5.45,15.00,-9.55,275,0,-13.68,0.00
145.851,6.01,15.00,-8.99,275,0,-14.24,0.00
146.088,6.00,15.00,-9.00,275,0,-12.98,0.00
146.326,6.85,15.00,-8.15,275,0,-11.52,0.00
146.563,7.99,15.00,-7.01,275,0,-10.07,0.00
146.801,8.03,15.00,-6.97,330,1,-11.11,0.00
147.038,7.30,15.00,-7.70,275,0,-11.50,0.00
147.275,6.94,15.00,-8.06,275,0,-12.88,0.00
147.511,5.96,15.00,-9.04,275,0,-14.55,0.00
147.748,5.13,15.00,-9.87,275,0,-14.79,0.00
147.985,5.83,15.00,-9.17,275,0,-13.16,0.00
148.223,6.89,15.00,-8.11,275,0,-10.84,0.00
148.461,8.31,15.00,-6.69,330,1,-8.42,0.00
148.701,9.44,15.00,-5.56,330,1,-8.04,0.00
148.939,9.70,15.00,-5.30,330,1,-8.53,0.00
149.176,8.16,15.00,-6.84,330,1,-11.72,0.00
149.413,7.89,15.00,-7.11,275,0,-12.64,0.00
149.649,6.75,15.00,-8.25,275,0,-13.34,0.00
149.886,5.58,15.00,-9.42,275,0,-12.73,0.00
150.123,5.47,15.00,-9.53,275,0,-25.00,0.00
150.359,5.03,15.00,-9.97,275,0,-14.89,0.00
150.596,5.02,15.00,-9.98,275,0,-25.00,0.00
150.833,4.52,15.00,-10.48,275,0,-25.00,0.00
151.070,4.89,15.00,-10.11,275,0,-14.03,0.00
151.307,6.27,15.00,-8.73,275,0,-12.32,0.00
151.545,7.24,15.00,-7.76,275,0,-10.86,0.00
151.783,8.80,15.00,-6.20,330,1,-8.07,0.00
152.022,10.27,15.00,-4.73,490,3,-6.40,0.00
152.260,12.53,15.00,-2.47,330,1,0.50,0.00
152.498,11.18,15.00,-3.82,490,3,-6.97,0.00
152.734,8.08,15.00,-6.92,330,1,-12.44,0.00
152.971,5.74,15.00,-9.26,275,0,-14.52,0.00
153.207,4.78,15.00,-10.22,275,0,-25.00,0.00
153.444,4.38,15.00,-10.62,275,0,-25.00,0.00
153.680,4.18,15.00,-10.82,275,0,-25.00,0.00
153.917,5.38,15.00,-9.62,275,0,-25.00,0.00
154.154,4.90,15.00,-10.10,275,0,-14.50,0.00
154.391,5.71,15.00,-9.29,275,0,-13.16,0.00
154.628,6.03,15.00,-8.97,275,0,-13.21,0.00
154.866,6.48,15.00,-8.52,275,0,-12.22,0.00
155.103,7.28,15.00,-7.72,275,0,-11.64,0.00
155.342,7.51,15.00,-7.49,275,0,-10.90,0.00
155.580,7.64,15.00,-7.36,275,0,-9.78,0.00
155.818,8.25,15.00,-6.75,330,1,-6.18,0.00
156.056,9.59,15.00,-5.41,330,1,-9.59,0.00
156.293,8.25,15.00,-6.75,330,1,-11.50,0.00
156.530,6.60,15.00,-8.40,275,0,-13.24,0.00
156.766,5.88,15.00,-9.12,275,0,-14.12,0.00
157.003,5.72,15.00,-9.28,275,0,-13.28,0.00
157.241,6.75,15.00,-8.25,275,0,-11.20,0.00
157.479,8.56,15.00,-6.44,330,1,-9.21,0.00
157.717,8.90,15.00,-6.10,330,1,-8.85,0.00
157.955,9.32,15.00,-5.68,330,1,-8.67,0.00
158.192,8.90,15.00,-6.10,330,1,-9.94,0.00
158.429,7.42,15.00,-7.58,275,0,-12.88,0.00
158.666,6.12,15.00,-8.88,275,0,-14.57,0.00
158.902,4.92,15.00,-10.08,275,0,-25.00,0.00
159.139,5.53,15.00,-9.47,275,0,-13.23,0.00
159.377,6.81,15.00,-8.19,275,0,-11.68,0.00
159.615,7.91,15.00,-7.09,275,0,-10.22,0.00
159.852,8.07,15.00,-6.93,330,1,-9.60,0.00
160.090,8.63,15.00,-6.37,330,1,-9.00,0.00
160.328,8.53,15.00,-6.47,330,1,-10.58,0.00
160.564,6.87,15.00,-8.13,275,0,-13.34,0.00
160.801,6.33,15.00,-8.67,275,0,-12.76,0.00
161.039,6.99,15.00,-8.01,275,0,-10.61,0.00
161.278,10.15,15.00,-4.85,490,3,-5.45,0.00
161.518,12.81,15.00,-2.19,330,1,2.00,0.00
161.757,15.17,15.00,0.17,490,3,2.00,0.00
161.996,15.63,15.00,0.63,490,3,5.00,0.00
162.236,14.12,15.00,-0.88,490,3,0.50,0.00
162.474,10.05,15.00,-4.95,490,3,-5.68,0.00
162.710,9.15,15.00,-5.85,330,1,-10.94,0.00
162.947,6.44,15.00,-8.56,275,0,-13.78,0.00
163.183,4.98,15.00,-10.02,275,0,-25.00,0.00
163.420,4.63,15.00,-10.37,275,0,-25.00,0.00
163.657,4.50,15.00,-10.50,275,0,-14.81,0.00
163.894,5.74,15.00,-9.26,275,0,-13.12,0.00
164.131,6.99,15.00,-8.01,275,0,-10.86,0.00
164.369,8.13,15.00,-6.87,330,1,-10.04,0.00
164.607,8.68,15.00,-6.32,330,1,-9.34,0.00
164.845,8.84,15.00,-6.16,330,1,-9.18,0.00
165.082,8.53,15.00,-6.47,330,1,-9.95,0.00
165.320,8.08,15.00,-6.92,330,1,-10.34,0.00
165.558,8.62,15.00,-6.38,330,1,-9.40,0.00
165.796,8.73,15.00,-6.27,330,1,-9.29,0.00
166.033,8.61,15.00,-6.39,330,1,-9.85,0.00
166.270,7.88,15.00,-7.12,275,0,-12.84,0.00
166.507,6.14,15.00,-8.86,275,0,-13.21,0.00
166.744,5.64,15.00,-9.36,275,0,-14.12,0.00
166.981,6.61,15.00,-8.39,275,0,-10.89,0.00
167.220,9.13,15.00,-5.87,330,1,-6.90,0.00
167.536,11.46,15.00,-3.54,490,3,-4.59,0.00
167.775,11.99,15.00,-3.01,490,3,-4.86,0.00
168.013,10.96,15.00,-4.04,490,3,-7.53,0.00
168.250,8.46,15.00,-6.54,330,1,-11.03,0.00
168.486,6.82,15.00,-8.18,275,0,-12.63,0.00
168.723,5.82,15.00,-9.18,275,0,-12.47,0.00
168.962,6.07,15.00,-8.93,275,0,-14.30,0.00
169.199,5.22,15.00,-9.78,275,0,-14.31,0.00
169.436,5.96,15.00,-9.04,275,0,-13.02,0.00
169.674,6.90,15.00,-8.10,275,0,-11.21,0.00
169.912,8.39,15.00,-6.61,330,1,-6.93,0.00
170.150,10.30,15.00,-4.70,490,3,-6.87,0.00
170.388,10.24,15.00,-4.76,490,3,-7.95,0.00
170.625,8.52,15.00,-6.48,330,1,-10.34,0.00
170.862,6.98,15.00,-8.02,275,0,-12.08,0.00
171.099,6.92,15.00,-8.08,275,0,-12.90,0.00
171.335,5.31,15.00,-9.69,275,0,-25.00,0.00
171.571,4.52,15.00,-10.48,275,0,-25.00,0.00
171.808,4.98,15.00,-10.02,275,0,-14.05,0.00
172.046,6.17,15.00,-8.83,275,0,-12.55,0.00
172.284,7.68,15.00,-7.32,275,0,-10.96,0.00
172.521,8.17,15.00,-6.83,330,1,-9.75,0.00
172.759,8.65,15.00,-6.35,330,1,-9.12,0.00
172.997,8.86,15.00,-6.14,330,1,-9.86,0.00
173.234,10.07,15.00,-4.93,490,3,-9.30,0.00
173.472,9.79,15.00,-5.21,330,1,-10.28,0.00
173.709,7.09,15.00,-7.91,275,0,-9.75,0.00
173.945,6.95,15.00,-8.05,275,0,-13.51,0.00
174.182,5.50,15.00,-9.50,275,0,-14.52,0.00
174.419,5.61,15.00,-9.39,275,0,-13.26,0.00
174.657,6.54,15.00,-8.46,275,0,-11.46,0.00
174.894,7.47,15.00,-7.53,275,0,-11.40,0.00
175.132,7.63,15.00,-7.37,275,0,-11.40,0.00
175.369,7.41,15.00,-7.59,275,0,-11.24,0.00
175.607,7.74,15.00,-7.26,275,0,-9.70,0.00
175.847,9.34,15.00,-5.66,330,1,-7.63,0.00
176.085,9.63,15.00,-5.37,330,1,-8.46,0.00
176.323,9.08,15.00,-5.92,330,1,-9.04,0.00
176.560,8.51,15.00,-6.49,330,1,-10.34,0.00
176.797,6.76,15.00,-8.24,275,0,-12.69,0.00
177.034,7.44,15.00,-7.56,275,0,-12.73,0.00
177.271,6.45,15.00,-8.55,275,0,-12.34,0.00
177.508,6.89,15.00,-8.11,275,0,-11.80,0.00
177.746,7.69,15.00,-7.31,275,0,-11.08,0.00
177.983,7.86,15.00,-7.14,275,0,-9.95,0.00
178.221,8.56,15.00,-6.44,330,1,-9.09,0.00
178.459,9.15,15.00,-5.85,330,1,-8.34,0.00
178.697,9.31,15.00,-5.69,330,1,-9.26,0.00
178.934,8.33,15.00,-6.67,330,1,-11.04,0.00
179.171,7.41,15.00,-7.59,275,0,-11.88,0.00
179.408,6.80,15.00,-8.20,275,0,-13.87,0.00
179.645,5.33,15.00,-9.67,275,0,-14.06,0.00
179.882,5.92,15.00,-9.08,275,0,-12.82,0.00
180.120,7.22,15.00,-7.78,275,0,-10.62,0.00
180.358,8.32,15.00,-6.68,330,1,-9.46,0.00
180.596,9.03,15.00,-5.97,330,1,-8.46,0.00
180.833,9.42,15.00,-5.58,330,1,-8.82,0.00
181.071,8.83,15.00,-6.17,330,1,-9.89,0.00
181.308,7.44,15.00,-7.56,275,0,-12.61,0.00
181.544,5.83,15.00,-9.17,275,0,-14.56,0.00
181.781,5.17,15.00,-9.83,275,0,-14.74,0.00
182.018,5.77,15.00,-9.23,275,0,-12.98,0.00
182.256,6.89,15.00,-8.11,275,0,-10.97,0.00
182.495,8.25,15.00,-6.75,330,1,-9.92,0.00
182.733,8.19,15.00,-6.81,330,1,-10.24,0.00
182.971,8.20,15.00,-6.80,330,1,-9.47,0.00
183.208,8.48,15.00,-6.52,330,1,-10.63,0.00
183.445,7.34,15.00,-7.66,275,0,-12.21,0.00
183.682,5.85,15.00,-9.15,275,0,-14.53,0.00
183.918,4.77,15.00,-10.23,275,0,-25.00,0.00
184.155,4.74,15.00,-10.26,275,0,-25.00,0.00
184.391,5.10,15.00,-9.90,275,0,-25.00,0.00
184.628,5.22,15.00,-9.78,275,0,-13.81,0.00
184.866,6.37,15.00,-8.63,275,0,-11.51,0.00
185.104,7.82,15.00,-7.18,275,0,-9.99,0.00
185.342,8.79,15.00,-6.21,330,1,-8.97,0.00
185.580,9.94,15.00,-5.06,330,1,-7.63,0.00
185.818,10.32,15.00,-4.68,490,3,-7.11,0.00
186.056,9.88,15.00,-5.12,330,1,-8.53,0.00
186.292,7.65,15.00,-7.35,275,0,-12.77,0.00
186.529,6.27,15.00,-8.73,275,0,-12.58,0.00
186.766,5.63,15.00,-9.37,275,0,-14.89,0.00
187.002,4.76,15.00,-10.24,275,0,-25.00,0.00
187.239,5.65,15.00,-9.35,275,0,-13.35,0.00
187.477,6.80,15.00,-8.20,275,0,-10.81,0.00
187.715,8.58,15.00,-6.42,330,1,-7.93,0.00
187.954,10.72,15.00,-4.28,490,3,-5.80,0.00
188.192,11.42,15.00,-3.58,490,3,-6.21,0.00
188.429,9.83,15.00,-5.17,330,1,-10.60,0.00
188.666,6.94,15.00,-8.06,275,0,-9.07,0.00
188.903,7.98,15.00,-7.02,275,0,-12.16,0.00
189.140,5.91,15.00,-9.09,275,0,-14.47,0.00
189.378,4.67,15.00,-10.33,275,0,-25.00,0.00
189.615,4.80,15.00,-10.20,275,0,-14.63,0.00
189.852,5.31,15.00,-9.69,275,0,-13.57,0.00
190.089,6.78,15.00,-8.22,275,0,-11.91,0.00
190.327,7.47,15.00,-7.53,275,0,-10.23,0.00
190.565,8.04,15.00,-6.96,330,1,-10.39,0.00
190.802,8.09,15.00,-6.91,330,1,-10.78,0.00
191.039,7.28,15.00,-7.72,275,0,-12.53,0.00
